Company name,"Number of employees
Last avail. yr",Year,EBITDA,ESG_DISCLOSURE_SCORE,SOCIAL_DISCLOSURE_SCORE,ENVIRON_DISCLOSURE_SCORE,GOVNCE_DISCLOSURE_SCORE
ABEL & COLE LIMITED,687,2022,5127,103.5,52.8,36.1,14.6
ABEL & COLE LIMITED,687,2021,12628,103.5,52.8,36.1,14.6
ABEL & COLE LIMITED,687,2020,3012,103.5,52.8,36.1,14.6
ABEL & COLE LIMITED,687,2019,-506,103.5,52.8,36.1,14.6
ABEL & COLE LIMITED,687,2018,1537,103.5,52.8,36.1,14.6
ABEL & COLE LIMITED,687,2017,1339,103.5,52.8,36.1,14.6
ABEL & COLE LIMITED,687,2016,1982,103.5,52.8,36.1,14.6
ABEL & COLE LIMITED,687,2015,4190,103.5,52.8,36.1,14.6
ABEL & COLE LIMITED,687,2014,5122,103.5,52.8,36.1,14.6
ABEL & COLE LIMITED,687,2013,546,103.5,52.8,36.1,14.6
ABEL & COLE LIMITED,687,2012,3992.13,103.5,52.8,36.1,14.6
ABEL & COLE LIMITED,687,2011,2889.064,103.5,52.8,36.1,14.6
ABEL & COLE LIMITED,687,2010,1972.045,103.5,52.8,36.1,14.6
ADAM SMITH INTERNATIONAL LTD,58,2021,495.537,142.9,125.4,3.4,14.1
ADAM SMITH INTERNATIONAL LTD,58,2020,1169.647,142.9,125.4,3.4,14.1
ADAM SMITH INTERNATIONAL LTD,58,2019,-1564.731,142.9,125.4,3.4,14.1
ADAM SMITH INTERNATIONAL LTD,58,2018,4488.513,142.9,125.4,3.4,14.1
ADAM SMITH INTERNATIONAL LTD,58,2017,5780.475,142.9,125.4,3.4,14.1
ADAM SMITH INTERNATIONAL LTD,58,2016,18190.74,142.9,125.4,3.4,14.1
ADAM SMITH INTERNATIONAL LTD,58,2015,17065.166,142.9,125.4,3.4,14.1
ADAM SMITH INTERNATIONAL LTD,58,2014,17492.643,142.9,125.4,3.4,14.1
ADAM SMITH INTERNATIONAL LTD,58,2013,13211.257,142.9,125.4,3.4,14.1
ADAM SMITH INTERNATIONAL LTD,58,2012,9279.621,142.9,125.4,3.4,14.1
ADAM SMITH INTERNATIONAL LTD,58,2011,7639.958,142.9,125.4,3.4,14.1
ADAM SMITH INTERNATIONAL LTD,58,2010,6938.634,142.9,125.4,3.4,14.1
ALL MARKET EUROPE LIMITED,40,2022,-1174.824,81.6,50.6,16.3,14.7
ALL MARKET EUROPE LIMITED,40,2021,-2147.145,81.6,50.6,16.3,14.7
ALL MARKET EUROPE LIMITED,40,2020,1698.544,81.6,50.6,16.3,14.7
ALL MARKET EUROPE LIMITED,40,2019,679.657,81.6,50.6,16.3,14.7
ALL MARKET EUROPE LIMITED,40,2018,-207.097,81.6,50.6,16.3,14.7
ALL MARKET EUROPE LIMITED,40,2017,-2559.222,81.6,50.6,16.3,14.7
ALL MARKET EUROPE LIMITED,40,2016,385.806,81.6,50.6,16.3,14.7
ALL MARKET EUROPE LIMITED,40,2015,2882.933,81.6,50.6,16.3,14.7
ALL MARKET EUROPE LIMITED,40,2014,2286.624,81.6,50.6,16.3,14.7
ALL MARKET EUROPE LIMITED,40,2013,1418.082,81.6,50.6,16.3,14.7
ALL MARKET EUROPE LIMITED,40,2012,83.239,81.6,50.6,16.3,14.7
ALL MARKET EUROPE LIMITED,40,2011,133.939,81.6,50.6,16.3,14.7
ALL MARKET EUROPE LIMITED,40,2010,63.804,81.6,50.6,16.3,14.7
BATES WELLS & BRAITHWAITE LONDON LLP,209,2022,7784.926,116.5,78.9,15.5,22.1
BATES WELLS & BRAITHWAITE LONDON LLP,209,2021,6619.447,116.5,78.9,15.5,22.1
BATES WELLS & BRAITHWAITE LONDON LLP,209,2020,6607.261,116.5,78.9,15.5,22.1
BATES WELLS & BRAITHWAITE LONDON LLP,209,2019,7633.98,116.5,78.9,15.5,22.1
BATES WELLS & BRAITHWAITE LONDON LLP,209,2018,7591.249,116.5,78.9,15.5,22.1
BATES WELLS & BRAITHWAITE LONDON LLP,209,2017,7079.275,116.5,78.9,15.5,22.1
BATES WELLS & BRAITHWAITE LONDON LLP,209,2016,6637.783,116.5,78.9,15.5,22.1
BATES WELLS & BRAITHWAITE LONDON LLP,209,2015,6517.723,116.5,78.9,15.5,22.1
BATES WELLS & BRAITHWAITE LONDON LLP,209,2014,5964.035,116.5,78.9,15.5,22.1
BATES WELLS & BRAITHWAITE LONDON LLP,209,2013,4877.415,116.5,78.9,15.5,22.1
BATES WELLS & BRAITHWAITE LONDON LLP,209,2012,5339.527,116.5,78.9,15.5,22.1
BATES WELLS & BRAITHWAITE LONDON LLP,209,2011,4236.159,116.5,78.9,15.5,22.1
BATES WELLS & BRAITHWAITE LONDON LLP,209,2010,4987.771,116.5,78.9,15.5,22.1
BENNETTS ASSOCIATES LIMITED,74,2022,247.663,121.5,77,34.4,10.1
BENNETTS ASSOCIATES LIMITED,74,2021,227.619,121.5,77,34.4,10.1
BENNETTS ASSOCIATES LIMITED,74,2020,58.338,121.5,77,34.4,10.1
BENNETTS ASSOCIATES LIMITED,74,2019,-384.551,121.5,77,34.4,10.1
BENNETTS ASSOCIATES LIMITED,74,2018,277.47,121.5,77,34.4,10.1
BENNETTS ASSOCIATES LIMITED,74,2017,395.431,121.5,77,34.4,10.1
BENNETTS ASSOCIATES LIMITED,74,2016,362.934,121.5,77,34.4,10.1
BENNETTS ASSOCIATES LIMITED,74,2015,608.081,121.5,77,34.4,10.1
BENNETTS ASSOCIATES LIMITED,74,2014,492.127,121.5,77,34.4,10.1
BENNETTS ASSOCIATES LIMITED,74,2013,369.511,121.5,77,34.4,10.1
BENNETTS ASSOCIATES LIMITED,74,2012,241.653,121.5,77,34.4,10.1
BENNETTS ASSOCIATES LIMITED,74,2011,197.187,121.5,77,34.4,10.1
BIGHAMS LIMITED,660,2022,8695.525,83.2,47,20.6,15.6
BIGHAMS LIMITED,660,2021,11285.168,83.2,47,20.6,15.6
BIGHAMS LIMITED,660,2020,8726.661,83.2,47,20.6,15.6
BIGHAMS LIMITED,660,2019,4382.614,83.2,47,20.6,15.6
BIGHAMS LIMITED,660,2018,742.267,83.2,47,20.6,15.6
BIGHAMS LIMITED,660,2017,5552.859,83.2,47,20.6,15.6
BIGHAMS LIMITED,660,2016,4337.247,83.2,47,20.6,15.6
BIGHAMS LIMITED,660,2015,3437.929,83.2,47,20.6,15.6
BIGHAMS LIMITED,660,2014,2169.229,83.2,47,20.6,15.6
BIGHAMS LIMITED,660,2013,2571.197,83.2,47,20.6,15.6
BIGHAMS LIMITED,660,2012,1973.826,83.2,47,20.6,15.6
BIGHAMS LIMITED,660,2011,1433.861,83.2,47,20.6,15.6
BIGHAMS LIMITED,660,2010,532.43,83.2,47,20.6,15.6
BLUE ZOO PRODUCTIONS LIMITED,225,2022,1037.806,85,60.1,9.9,15
BLUE ZOO PRODUCTIONS LIMITED,225,2021,2082.266,85,60.1,9.9,15
BLUE ZOO PRODUCTIONS LIMITED,225,2020,1027.93,85,60.1,9.9,15
BLUE ZOO PRODUCTIONS LIMITED,225,2019,101.307,85,60.1,9.9,15
BLUE ZOO PRODUCTIONS LIMITED,225,2018,-167.143,85,60.1,9.9,15
BLUE ZOO PRODUCTIONS LIMITED,225,2017,-100.181,85,60.1,9.9,15
BLUE ZOO PRODUCTIONS LIMITED,225,2016,922.276,85,60.1,9.9,15
BREWDOG PLC,2525,2022,3571,81.8,46.1,20.7,15
BREWDOG PLC,2525,2021,17488,81.8,46.1,20.7,15
BREWDOG PLC,2525,2020,15441,81.8,46.1,20.7,15
BREWDOG PLC,2525,2019,15514,81.8,46.1,20.7,15
BREWDOG PLC,2525,2018,8687,81.8,46.1,20.7,15
BREWDOG PLC,2525,2017,7344,81.8,46.1,20.7,15
BREWDOG PLC,2525,2016,7295,81.8,46.1,20.7,15
BREWDOG PLC,2525,2015,4892,81.8,46.1,20.7,15
BREWDOG PLC,2525,2014,4907.962,81.8,46.1,20.7,15
BREWDOG PLC,2525,2013,3152.756,81.8,46.1,20.7,15
BREWDOG PLC,2525,2012,759.092,81.8,46.1,20.7,15
BREWDOG PLC,2525,2011,568.69,81.8,46.1,20.7,15
BREWDOG PLC,2525,2010,283.246,81.8,46.1,20.7,15
BRIDGES FUND MANAGEMENT LIMITED,57,2022,-10858.471,145.4,110.6,13.9,20.9
BRIDGES FUND MANAGEMENT LIMITED,57,2021,-8689.827,145.4,110.6,13.9,20.9
BRIDGES FUND MANAGEMENT LIMITED,57,2020,-7772.913,145.4,110.6,13.9,20.9
BRIDGES FUND MANAGEMENT LIMITED,57,2019,-9560.208,145.4,110.6,13.9,20.9
BRIDGES FUND MANAGEMENT LIMITED,57,2018,-8354.375,145.4,110.6,13.9,20.9
BRIDGES FUND MANAGEMENT LIMITED,57,2017,-4623.294,145.4,110.6,13.9,20.9
BRUICHLADDICH DISTILLERY COMPANY LIMITED,100,2022,6857.372,83.2,47,28.5,7.7
BRUICHLADDICH DISTILLERY COMPANY LIMITED,100,2021,5701.191,83.2,47,28.5,7.7
BRUICHLADDICH DISTILLERY COMPANY LIMITED,100,2020,3155.713,83.2,47,28.5,7.7
BRUICHLADDICH DISTILLERY COMPANY LIMITED,100,2019,3478.329,83.2,47,28.5,7.7
BRUICHLADDICH DISTILLERY COMPANY LIMITED,100,2018,2724.013,83.2,47,28.5,7.7
BRUICHLADDICH DISTILLERY COMPANY LIMITED,100,2017,3312.006,83.2,47,28.5,7.7
BRUICHLADDICH DISTILLERY COMPANY LIMITED,100,2016,1007.737,83.2,47,28.5,7.7
BRUICHLADDICH DISTILLERY COMPANY LIMITED,100,2015,2686.943,83.2,47,28.5,7.7
BRUICHLADDICH DISTILLERY COMPANY LIMITED,100,2014,715.125,83.2,47,28.5,7.7
BRUICHLADDICH DISTILLERY COMPANY LIMITED,100,2013,565.352,83.2,47,28.5,7.7
BRUICHLADDICH DISTILLERY COMPANY LIMITED,100,2011,1438.496,83.2,47,28.5,7.7
BRUICHLADDICH DISTILLERY COMPANY LIMITED,100,2010,1467.984,83.2,47,28.5,7.7
COOK TRADING LIMITED,1625,2022,6259.425,104.1,61.3,25.2,17.6
COOK TRADING LIMITED,1625,2021,8181.079,104.1,61.3,25.2,17.6
COOK TRADING LIMITED,1625,2020,7186.33,104.1,61.3,25.2,17.6
COOK TRADING LIMITED,1625,2019,5306.2,104.1,61.3,25.2,17.6
COOK TRADING LIMITED,1625,2018,4902.916,104.1,61.3,25.2,17.6
COOK TRADING LIMITED,1625,2017,4403.07,104.1,61.3,25.2,17.6
COOK TRADING LIMITED,1625,2016,3904.505,104.1,61.3,25.2,17.6
COOK TRADING LIMITED,1625,2015,3521.419,104.1,61.3,25.2,17.6
COOK TRADING LIMITED,1625,2014,3254.589,104.1,61.3,25.2,17.6
COOK TRADING LIMITED,1625,2013,2550.478,104.1,61.3,25.2,17.6
COOK TRADING LIMITED,1625,2012,2167.183,104.1,61.3,25.2,17.6
COOK TRADING LIMITED,1625,2011,1528.057,104.1,61.3,25.2,17.6
COOK TRADING LIMITED,1625,2010,1098.607,104.1,61.3,25.2,17.6
COUTTS & COMPANY,1875,2022,410000,83.2,59.9,7.7,15.6
COUTTS & COMPANY,1875,2021,207000,83.2,59.9,7.7,15.6
COUTTS & COMPANY,1875,2019,305000,83.2,59.9,7.7,15.6
COUTTS & COMPANY,1875,2018,331000,83.2,59.9,7.7,15.6
COUTTS & COMPANY,1875,2017,178648,83.2,59.9,7.7,15.6
COUTTS & COMPANY,1875,2016,193307,83.2,59.9,7.7,15.6
COUTTS & COMPANY,1875,2015,69193,83.2,59.9,7.7,15.6
COUTTS & COMPANY,1875,2014,151431,83.2,59.9,7.7,15.6
COUTTS & COMPANY,1875,2013,89455,83.2,59.9,7.7,15.6
COUTTS & COMPANY,1875,2012,126014,83.2,59.9,7.7,15.6
COUTTS & COMPANY,1875,2011,159195,83.2,59.9,7.7,15.6
COUTTS & COMPANY,1875,2010,171804,83.2,59.9,7.7,15.6
DIVINE CHOCOLATE LIMITED,25,2022,-1060.025,127.1,97,15.9,14.2
DIVINE CHOCOLATE LIMITED,25,2021,-120.091,127.1,97,15.9,14.2
DIVINE CHOCOLATE LIMITED,25,2020,-1241.556,127.1,97,15.9,14.2
DIVINE CHOCOLATE LIMITED,25,2019,-782.362,127.1,97,15.9,14.2
DIVINE CHOCOLATE LIMITED,25,2018,145.576,127.1,97,15.9,14.2
DIVINE CHOCOLATE LIMITED,25,2017,403.097,127.1,97,15.9,14.2
DIVINE CHOCOLATE LIMITED,25,2016,732.203,127.1,97,15.9,14.2
DIVINE CHOCOLATE LIMITED,25,2015,591,127.1,97,15.9,14.2
DIVINE CHOCOLATE LIMITED,25,2014,372.779,127.1,97,15.9,14.2
DIVINE CHOCOLATE LIMITED,25,2013,159.684,127.1,97,15.9,14.2
DIVINE CHOCOLATE LIMITED,25,2012,59.176,127.1,97,15.9,14.2
DIVINE CHOCOLATE LIMITED,25,2011,166.316,127.1,97,15.9,14.2
DIVINE CHOCOLATE LIMITED,25,2010,-137.158,127.1,97,15.9,14.2
EDIT AGENCY LIMITED,107,2022,1276.244,80.4,55.9,9.7,14.8
EDIT AGENCY LIMITED,107,2021,1967.23,80.4,55.9,9.7,14.8
EDIT AGENCY LIMITED,107,2020,-5655.228,80.4,55.9,9.7,14.8
EDIT AGENCY LIMITED,107,2019,-584.104,80.4,55.9,9.7,14.8
EDIT AGENCY LIMITED,107,2018,83,80.4,55.9,9.7,14.8
EDIT AGENCY LIMITED,107,2017,1864.8,80.4,55.9,9.7,14.8
EDIT AGENCY LIMITED,107,2016,1783.208,80.4,55.9,9.7,14.8
EDIT AGENCY LIMITED,107,2015,2044.539,80.4,55.9,9.7,14.8
EDIT AGENCY LIMITED,107,2014,1964.181,80.4,55.9,9.7,14.8
EDIT AGENCY LIMITED,107,2013,300.421,80.4,55.9,9.7,14.8
EDIT AGENCY LIMITED,107,2012,741.262,80.4,55.9,9.7,14.8
EDIT AGENCY LIMITED,107,2011,2791.107,80.4,55.9,9.7,14.8
EDIT AGENCY LIMITED,107,2010,1633.138,80.4,55.9,9.7,14.8
EMMA BRIDGEWATER LIMITED,442,2022,1660.254,81.6,47.7,19.9,14
EMMA BRIDGEWATER LIMITED,442,2021,1379.669,81.6,47.7,19.9,14
EMMA BRIDGEWATER LIMITED,442,2020,1991.655,81.6,47.7,19.9,14
EMMA BRIDGEWATER LIMITED,442,2019,2299.13,81.6,47.7,19.9,14
EMMA BRIDGEWATER LIMITED,442,2018,1450.045,81.6,47.7,19.9,14
EMMA BRIDGEWATER LIMITED,442,2017,1124.38,81.6,47.7,19.9,14
EMMA BRIDGEWATER LIMITED,442,2016,973.27,81.6,47.7,19.9,14
EMMA BRIDGEWATER LIMITED,442,2015,1226.602,81.6,47.7,19.9,14
EMMA BRIDGEWATER LIMITED,442,2014,308.422,81.6,47.7,19.9,14
EMMA BRIDGEWATER LIMITED,442,2013,849.395,81.6,47.7,19.9,14
EMMA BRIDGEWATER LIMITED,442,2012,1023.136,81.6,47.7,19.9,14
EMMA BRIDGEWATER LIMITED,442,2011,924.593,81.6,47.7,19.9,14
EMMA BRIDGEWATER LIMITED,442,2010,752.169,81.6,47.7,19.9,14
EQ INVESTORS GROUP LIMITED,65,2022,1595.906,151.1,127.4,5.2,18.5
EQ INVESTORS GROUP LIMITED,65,2021,1102.473,151.1,127.4,5.2,18.5
EQ INVESTORS GROUP LIMITED,65,2020,274.704,151.1,127.4,5.2,18.5
EQ INVESTORS GROUP LIMITED,65,2019,6.142,151.1,127.4,5.2,18.5
EQ INVESTORS GROUP LIMITED,65,2018,-378.52,151.1,127.4,5.2,18.5
EQ INVESTORS GROUP LIMITED,65,2017,-1183.105,151.1,127.4,5.2,18.5
EQ INVESTORS GROUP LIMITED,65,2016,-1229.171,151.1,127.4,5.2,18.5
EQ INVESTORS GROUP LIMITED,65,2015,-267.497,151.1,127.4,5.2,18.5
FARMDROP LIMITED,175,2020,-9130.78,97.9,40.4,42.4,15.1
FARMDROP LIMITED,175,2019,-10747.886,97.9,40.4,42.4,15.1
FARMDROP LIMITED,175,2018,-7564.331,97.9,40.4,42.4,15.1
FARMDROP LIMITED,175,2017,-3872.269,97.9,40.4,42.4,15.1
FREUD COMMUNICATIONS LIMITED,213,2021,9650.211,80,54,10.2,15.8
FREUD COMMUNICATIONS LIMITED,213,2020,9270.584,80,54,10.2,15.8
FREUD COMMUNICATIONS LIMITED,213,2019,9774.623,80,54,10.2,15.8
FREUD COMMUNICATIONS LIMITED,213,2018,7745.671,80,54,10.2,15.8
FREUD COMMUNICATIONS LIMITED,213,2017,7617.904,80,54,10.2,15.8
FREUD COMMUNICATIONS LIMITED,213,2016,10427.567,80,54,10.2,15.8
FREUD COMMUNICATIONS LIMITED,213,2015,9126.572,80,54,10.2,15.8
FREUD COMMUNICATIONS LIMITED,213,2014,8205.447,80,54,10.2,15.8
FREUD COMMUNICATIONS LIMITED,213,2013,9032.414,80,54,10.2,15.8
FREUD COMMUNICATIONS LIMITED,213,2012,8998.255,80,54,10.2,15.8
FREUD COMMUNICATIONS LIMITED,213,2011,8385,80,54,10.2,15.8
FREUD COMMUNICATIONS LIMITED,213,2010,6432,80,54,10.2,15.8
GENERATION INVESTMENT MANAGEMENT LLP,105,2022,172464,107.5,79,12.6,15.9
GENERATION INVESTMENT MANAGEMENT LLP,105,2021,455280,107.5,79,12.6,15.9
GENERATION INVESTMENT MANAGEMENT LLP,105,2020,253825,107.5,79,12.6,15.9
GENERATION INVESTMENT MANAGEMENT LLP,105,2019,292375,107.5,79,12.6,15.9
GENERATION INVESTMENT MANAGEMENT LLP,105,2018,249587,107.5,79,12.6,15.9
GENERATION INVESTMENT MANAGEMENT LLP,105,2017,244322,107.5,79,12.6,15.9
GENERATION INVESTMENT MANAGEMENT LLP,105,2016,148717,107.5,79,12.6,15.9
GENERATION INVESTMENT MANAGEMENT LLP,105,2015,100389,107.5,79,12.6,15.9
GENERATION INVESTMENT MANAGEMENT LLP,105,2014,60515,107.5,79,12.6,15.9
GENERATION INVESTMENT MANAGEMENT LLP,105,2013,41545,107.5,79,12.6,15.9
GENERATION INVESTMENT MANAGEMENT LLP,105,2012,31527,107.5,79,12.6,15.9
GENERATION INVESTMENT MANAGEMENT LLP,105,2011,57073,107.5,79,12.6,15.9
GENERATION INVESTMENT MANAGEMENT LLP,105,2010,51810,107.5,79,12.6,15.9
GENUINE SOLUTIONS LIMITED,40,2022,-1035.539,89.3,46.3,27.1,15.9
GENUINE SOLUTIONS LIMITED,40,2021,184.676,89.3,46.3,27.1,15.9
GENUINE SOLUTIONS LIMITED,40,2020,106.291,89.3,46.3,27.1,15.9
GENUINE SOLUTIONS LIMITED,40,2019,162.705,89.3,46.3,27.1,15.9
GENUINE SOLUTIONS LIMITED,40,2018,-283.84,89.3,46.3,27.1,15.9
GENUINE SOLUTIONS LIMITED,40,2017,-170.576,89.3,46.3,27.1,15.9
GENUINE SOLUTIONS LIMITED,40,2014,506.122,89.3,46.3,27.1,15.9
GENUINE SOLUTIONS LIMITED,40,2013,466.231,89.3,46.3,27.1,15.9
GENUINE SOLUTIONS LIMITED,40,2012,2089.939,89.3,46.3,27.1,15.9
GROUND CONTROL LIMITED,1109,2022,15998.246,80,52.9,17.5,9.6
GROUND CONTROL LIMITED,1109,2021,15697.244,80,52.9,17.5,9.6
GROUND CONTROL LIMITED,1109,2020,13591.059,80,52.9,17.5,9.6
GROUND CONTROL LIMITED,1109,2019,10340.766,80,52.9,17.5,9.6
GROUND CONTROL LIMITED,1109,2018,6657.71,80,52.9,17.5,9.6
GROUND CONTROL LIMITED,1109,2017,6999.61,80,52.9,17.5,9.6
GROUND CONTROL LIMITED,1109,2016,7019.734,80,52.9,17.5,9.6
GROUND CONTROL LIMITED,1109,2015,6882,80,52.9,17.5,9.6
GROUND CONTROL LIMITED,1109,2014,6540.44,80,52.9,17.5,9.6
GROUND CONTROL LIMITED,1109,2013,5899.486,80,52.9,17.5,9.6
GROUND CONTROL LIMITED,1109,2012,5249.018,80,52.9,17.5,9.6
GROUND CONTROL LIMITED,1109,2011,4594.655,80,52.9,17.5,9.6
GROUND CONTROL LIMITED,1109,2010,3497.759,80,52.9,17.5,9.6
GUARDIAN MEDIA GROUP PLC,1626,2022,14700,86.2,68.1,7.6,10.5
GUARDIAN MEDIA GROUP PLC,1626,2021,-4800,86.2,68.1,7.6,10.5
GUARDIAN MEDIA GROUP PLC,1626,2020,-8200,86.2,68.1,7.6,10.5
GUARDIAN MEDIA GROUP PLC,1626,2019,-12900,86.2,68.1,7.6,10.5
GUARDIAN MEDIA GROUP PLC,1626,2018,-48800,86.2,68.1,7.6,10.5
GUARDIAN MEDIA GROUP PLC,1626,2017,-54300,86.2,68.1,7.6,10.5
GUARDIAN MEDIA GROUP PLC,1626,2016,-89400,86.2,68.1,7.6,10.5
GUARDIAN MEDIA GROUP PLC,1626,2015,-75100,86.2,68.1,7.6,10.5
GUARDIAN MEDIA GROUP PLC,1626,2014,-41700,86.2,68.1,7.6,10.5
GUARDIAN MEDIA GROUP PLC,1626,2013,-35600,86.2,68.1,7.6,10.5
GUARDIAN MEDIA GROUP PLC,1626,2012,-51100,86.2,68.1,7.6,10.5
GUARDIAN MEDIA GROUP PLC,1626,2011,-50400,86.2,68.1,7.6,10.5
GUARDIAN MEDIA GROUP PLC,1626,2010,-256100,86.2,68.1,7.6,10.5
HELIOS INVESTMENT PARTNERS LLP,36,2022,7350.445,97.9,71,11.9,15
HELIOS INVESTMENT PARTNERS LLP,36,2021,6879.896,97.9,71,11.9,15
HELIOS INVESTMENT PARTNERS LLP,36,2020,6566.355,97.9,71,11.9,15
HELIOS INVESTMENT PARTNERS LLP,36,2019,4651.723,97.9,71,11.9,15
HELIOS INVESTMENT PARTNERS LLP,36,2018,4101.553,97.9,71,11.9,15
HELIOS INVESTMENT PARTNERS LLP,36,2017,5023.438,97.9,71,11.9,15
HELIOS INVESTMENT PARTNERS LLP,36,2016,4316.056,97.9,71,11.9,15
HELIOS INVESTMENT PARTNERS LLP,36,2015,2791.599,97.9,71,11.9,15
HELIOS INVESTMENT PARTNERS LLP,36,2014,3394.452,97.9,71,11.9,15
HELIOS INVESTMENT PARTNERS LLP,36,2013,3286.853,97.9,71,11.9,15
HELIOS INVESTMENT PARTNERS LLP,36,2012,3241.126,97.9,71,11.9,15
HELIOS INVESTMENT PARTNERS LLP,36,2011,2378.852,97.9,71,11.9,15
HELIOS INVESTMENT PARTNERS LLP,36,2010,2190.741,97.9,71,11.9,15
HIGGIDY LIMITED,328,2021,2587.113,80.4,54.1,12.9,13.4
HIGGIDY LIMITED,328,2020,2922.971,80.4,54.1,12.9,13.4
HIGGIDY LIMITED,328,2019,1136.723,80.4,54.1,12.9,13.4
HIGGIDY LIMITED,328,2018,939.034,80.4,54.1,12.9,13.4
HIGGIDY LIMITED,328,2017,976.8,80.4,54.1,12.9,13.4
HIGGIDY LIMITED,328,2016,1425.565,80.4,54.1,12.9,13.4
HIGGIDY LIMITED,328,2015,632.634,80.4,54.1,12.9,13.4
HIGGIDY LIMITED,328,2014,961.538,80.4,54.1,12.9,13.4
HIGGIDY LIMITED,328,2013,942.272,80.4,54.1,12.9,13.4
HIGGIDY LIMITED,328,2012,771.463,80.4,54.1,12.9,13.4
HIGGIDY LIMITED,328,2011,739.378,80.4,54.1,12.9,13.4
INVESTINDUSTRIAL SERVICES LIMITED,32,2022,1386.24,116.2,79.1,15.5,21.6
INVESTINDUSTRIAL SERVICES LIMITED,32,2021,4152.493,116.2,79.1,15.5,21.6
INVESTINDUSTRIAL SERVICES LIMITED,32,2020,4483.232,116.2,79.1,15.5,21.6
INVESTINDUSTRIAL SERVICES LIMITED,32,2019,2267.738,116.2,79.1,15.5,21.6
INVESTINDUSTRIAL SERVICES LIMITED,32,2018,1282.351,116.2,79.1,15.5,21.6
INVESTINDUSTRIAL SERVICES LIMITED,32,2017,856.463,116.2,79.1,15.5,21.6
INVESTINDUSTRIAL SERVICES LIMITED,32,2016,603.243,116.2,79.1,15.5,21.6
INVESTINDUSTRIAL SERVICES LIMITED,32,2015,633.315,116.2,79.1,15.5,21.6
INVESTINDUSTRIAL SERVICES LIMITED,32,2014,377.425,116.2,79.1,15.5,21.6
INVESTINDUSTRIAL SERVICES LIMITED,32,2013,1164.585,116.2,79.1,15.5,21.6
INVESTINDUSTRIAL SERVICES LIMITED,32,2012,8.836,116.2,79.1,15.5,21.6
JOJO MAMAN BEBE LTD,876,2022,3207.101,81.1,49.1,17.9,14.1
JOJO MAMAN BEBE LTD,876,2021,7240.603,81.1,49.1,17.9,14.1
JOJO MAMAN BEBE LTD,876,2020,1991.803,81.1,49.1,17.9,14.1
JOJO MAMAN BEBE LTD,876,2019,2573.631,81.1,49.1,17.9,14.1
JOJO MAMAN BEBE LTD,876,2018,5071.982,81.1,49.1,17.9,14.1
JOJO MAMAN BEBE LTD,876,2017,5141.636,81.1,49.1,17.9,14.1
JOJO MAMAN BEBE LTD,876,2016,4626.225,81.1,49.1,17.9,14.1
JOJO MAMAN BEBE LTD,876,2015,5131.643,81.1,49.1,17.9,14.1
JOJO MAMAN BEBE LTD,876,2014,3761.49,81.1,49.1,17.9,14.1
JOJO MAMAN BEBE LTD,876,2013,1989.708,81.1,49.1,17.9,14.1
JOJO MAMAN BEBE LTD,876,2012,1820.258,81.1,49.1,17.9,14.1
JOJO MAMAN BEBE LTD,876,2011,1789.356,81.1,49.1,17.9,14.1
JOJO MAMAN BEBE LTD,876,2010,1795.403,81.1,49.1,17.9,14.1
KIN AND CARTA UK LIMITED,298,2022,803.455,90,57,12.2,20.8
KIN AND CARTA UK LIMITED,298,2021,1134.084,90,57,12.2,20.8
KIN AND CARTA UK LIMITED,298,2020,3458.14,90,57,12.2,20.8
KIN AND CARTA UK LIMITED,298,2019,4193.235,90,57,12.2,20.8
KIN AND CARTA UK LIMITED,298,2018,-12814.362,90,57,12.2,20.8
KIN AND CARTA UK LIMITED,298,2017,-3676.149,90,57,12.2,20.8
KIN AND CARTA UK LIMITED,298,2016,2302.349,90,57,12.2,20.8
KIN AND CARTA UK LIMITED,298,2010,16.56,90,57,12.2,20.8
MACPHIE LIMITED,223,2022,5367.81,93.7,48.8,28,16.9
MACPHIE LIMITED,223,2021,2854.762,93.7,48.8,28,16.9
MACPHIE LIMITED,223,2020,4697.047,93.7,48.8,28,16.9
MACPHIE LIMITED,223,2019,2848.799,93.7,48.8,28,16.9
MACPHIE LIMITED,223,2018,4380.634,93.7,48.8,28,16.9
MACPHIE LIMITED,223,2017,7233.805,93.7,48.8,28,16.9
MACPHIE LIMITED,223,2016,5925.368,93.7,48.8,28,16.9
MACPHIE LIMITED,223,2015,4878.451,93.7,48.8,28,16.9
MACPHIE LIMITED,223,2014,2998.843,93.7,48.8,28,16.9
MACPHIE LIMITED,223,2013,3507.27,93.7,48.8,28,16.9
MACPHIE LIMITED,223,2012,3528.296,93.7,48.8,28,16.9
MACPHIE LIMITED,223,2011,2417.286,93.7,48.8,28,16.9
MACPHIE LIMITED,223,2010,3906.042,93.7,48.8,28,16.9
MAPP (PROPERTY MANAGEMENT) LIMITED,465,2022,3590.472,86.6,58.2,11.8,16.6
MAPP (PROPERTY MANAGEMENT) LIMITED,465,2021,2624.526,86.6,58.2,11.8,16.6
MAPP (PROPERTY MANAGEMENT) LIMITED,465,2020,2109.573,86.6,58.2,11.8,16.6
MAPP (PROPERTY MANAGEMENT) LIMITED,465,2019,1931.932,86.6,58.2,11.8,16.6
MAPP (PROPERTY MANAGEMENT) LIMITED,465,2018,1421.968,86.6,58.2,11.8,16.6
MAPP (PROPERTY MANAGEMENT) LIMITED,465,2017,1056.289,86.6,58.2,11.8,16.6
MAPP (PROPERTY MANAGEMENT) LIMITED,465,2016,1007.175,86.6,58.2,11.8,16.6
MAPP (PROPERTY MANAGEMENT) LIMITED,465,2015,499.574,86.6,58.2,11.8,16.6
MAPP (PROPERTY MANAGEMENT) LIMITED,465,2014,1026.205,86.6,58.2,11.8,16.6
MAPP (PROPERTY MANAGEMENT) LIMITED,465,2013,1425.775,86.6,58.2,11.8,16.6
MAPP (PROPERTY MANAGEMENT) LIMITED,465,2012,1383.9,86.6,58.2,11.8,16.6
MAPP (PROPERTY MANAGEMENT) LIMITED,465,2011,1412.78,86.6,58.2,11.8,16.6
MAPP (PROPERTY MANAGEMENT) LIMITED,465,2010,48.151,86.6,58.2,11.8,16.6
MATRIX APA (UK) LTD,35,2022,1686.515,84,53.4,12.5,18.1
MATRIX APA (UK) LTD,35,2021,-1124.126,84,53.4,12.5,18.1
MATRIX APA (UK) LTD,35,2020,-71.164,84,53.4,12.5,18.1
MATRIX APA (UK) LTD,35,2019,1310.013,84,53.4,12.5,18.1
MATRIX APA (UK) LTD,35,2018,383.05,84,53.4,12.5,18.1
MATRIX APA (UK) LTD,35,2017,631.435,84,53.4,12.5,18.1
MONTANARO ASSET MANAGEMENT LIMITED,36,2022,-9241.065,81.8,66.3,5.3,10.2
MONTANARO ASSET MANAGEMENT LIMITED,36,2021,24979.613,81.8,66.3,5.3,10.2
MONTANARO ASSET MANAGEMENT LIMITED,36,2020,10430.077,81.8,66.3,5.3,10.2
MONTANARO ASSET MANAGEMENT LIMITED,36,2019,17374.042,81.8,66.3,5.3,10.2
MONTANARO ASSET MANAGEMENT LIMITED,36,2018,6322.435,81.8,66.3,5.3,10.2
MONTANARO ASSET MANAGEMENT LIMITED,36,2017,7356.745,81.8,66.3,5.3,10.2
MONTANARO ASSET MANAGEMENT LIMITED,36,2016,5714.181,81.8,66.3,5.3,10.2
MONTANARO ASSET MANAGEMENT LIMITED,36,2015,15099.167,81.8,66.3,5.3,10.2
MONTANARO ASSET MANAGEMENT LIMITED,36,2014,9941.485,81.8,66.3,5.3,10.2
MONTANARO ASSET MANAGEMENT LIMITED,36,2013,9958.171,81.8,66.3,5.3,10.2
MONTANARO ASSET MANAGEMENT LIMITED,36,2012,9223.317,81.8,66.3,5.3,10.2
MONTANARO ASSET MANAGEMENT LIMITED,36,2011,7671.043,81.8,66.3,5.3,10.2
MONTANARO ASSET MANAGEMENT LIMITED,36,2010,17345.624,81.8,66.3,5.3,10.2
MPM PRODUCTS LIMITED,84,2022,18084,81.8,47.7,17.5,16.6
MPM PRODUCTS LIMITED,84,2021,11802,81.8,47.7,17.5,16.6
MPM PRODUCTS LIMITED,84,2020,6560,81.8,47.7,17.5,16.6
MPM PRODUCTS LIMITED,84,2019,5928,81.8,47.7,17.5,16.6
MPM PRODUCTS LIMITED,84,2018,7355,81.8,47.7,17.5,16.6
MPM PRODUCTS LIMITED,84,2017,4351,81.8,47.7,17.5,16.6
MPM PRODUCTS LIMITED,84,2016,3882,81.8,47.7,17.5,16.6
MPM PRODUCTS LIMITED,84,2015,1920.269,81.8,47.7,17.5,16.6
MPM PRODUCTS LIMITED,84,2014,2260.926,81.8,47.7,17.5,16.6
MPM PRODUCTS LIMITED,84,2013,1146.282,81.8,47.7,17.5,16.6
MPM PRODUCTS LIMITED,84,2012,1442.336,81.8,47.7,17.5,16.6
MPM PRODUCTS LIMITED,84,2011,725.452,81.8,47.7,17.5,16.6
OWEN MUMFORD HOLDINGS LIMITED,744,2022,18717.722,82.8,78.8,17.6,13.6
OWEN MUMFORD HOLDINGS LIMITED,744,2021,11876.053,82.8,78.8,17.6,13.6
OWEN MUMFORD HOLDINGS LIMITED,744,2020,7821.259,82.8,78.8,17.6,13.6
OWEN MUMFORD HOLDINGS LIMITED,744,2019,12564.091,82.8,78.8,17.6,13.6
OWEN MUMFORD HOLDINGS LIMITED,744,2018,11744.59,82.8,78.8,17.6,13.6
OWEN MUMFORD HOLDINGS LIMITED,744,2017,11893.358,82.8,78.8,17.6,13.6
OWEN MUMFORD HOLDINGS LIMITED,744,2016,12633.721,82.8,78.8,17.6,13.6
OWEN MUMFORD HOLDINGS LIMITED,744,2015,13792.032,82.8,78.8,17.6,13.6
OWEN MUMFORD HOLDINGS LIMITED,744,2014,8453.68,82.8,78.8,17.6,13.6
OWEN MUMFORD HOLDINGS LIMITED,744,2013,15220.325,82.8,78.8,17.6,13.6
OWEN MUMFORD HOLDINGS LIMITED,744,2012,10881.496,82.8,78.8,17.6,13.6
OWEN MUMFORD HOLDINGS LIMITED,744,2011,10983.439,82.8,78.8,17.6,13.6
OWEN MUMFORD HOLDINGS LIMITED,744,2010,8238.368,82.8,78.8,17.6,13.6
PUKKA HERBS LIMITED,119,2022,3057,104.1,49.4,39.4,15.3
PUKKA HERBS LIMITED,119,2021,2328,104.1,49.4,39.4,15.3
PUKKA HERBS LIMITED,119,2020,-2279,104.1,49.4,39.4,15.3
PUKKA HERBS LIMITED,119,2019,-2839,104.1,49.4,39.4,15.3
PUKKA HERBS LIMITED,119,2018,-4731,104.1,49.4,39.4,15.3
PUKKA HERBS LIMITED,119,2017,-3054.475,104.1,49.4,39.4,15.3
PUKKA HERBS LIMITED,119,2016,172.981,104.1,49.4,39.4,15.3
PUKKA HERBS LIMITED,119,2015,1225.429,104.1,49.4,39.4,15.3
PUKKA HERBS LIMITED,119,2014,627.026,104.1,49.4,39.4,15.3
PUKKA HERBS LIMITED,119,2013,525.362,104.1,49.4,39.4,15.3
PUKKA HERBS LIMITED,119,2011,285.474,104.1,49.4,39.4,15.3
RIVERFORD ORGANIC FARMERS LIMITED,960,2022,6754,124.6,86.2,24.3,14.1
RIVERFORD ORGANIC FARMERS LIMITED,960,2021,13397,124.6,86.2,24.3,14.1
RIVERFORD ORGANIC FARMERS LIMITED,960,2020,1438.376,124.6,86.2,24.3,14.1
RIVERFORD ORGANIC FARMERS LIMITED,960,2019,4401.845,124.6,86.2,24.3,14.1
RIVERFORD ORGANIC FARMERS LIMITED,960,2018,1804.6,124.6,86.2,24.3,14.1
RIVERFORD ORGANIC FARMERS LIMITED,960,2017,1873.192,124.6,86.2,24.3,14.1
RIVERFORD ORGANIC FARMERS LIMITED,960,2016,1974.505,124.6,86.2,24.3,14.1
RIVERFORD ORGANIC FARMERS LIMITED,960,2015,1909.778,124.6,86.2,24.3,14.1
RIVERFORD ORGANIC FARMERS LIMITED,960,2014,2606.548,124.6,86.2,24.3,14.1
RIVERFORD ORGANIC FARMERS LIMITED,960,2013,2462.747,124.6,86.2,24.3,14.1
RIVERFORD ORGANIC FARMERS LIMITED,960,2012,2672.954,124.6,86.2,24.3,14.1
RIVERFORD ORGANIC FARMERS LIMITED,960,2011,1689.365,124.6,86.2,24.3,14.1
RIVERFORD ORGANIC FARMERS LIMITED,960,2010,1773.923,124.6,86.2,24.3,14.1
SEETEC BUSINESS TECHNOLOGY CENTRE LIMITED,2162,2022,8677,131,105.1,8.1,17.8
SEETEC BUSINESS TECHNOLOGY CENTRE LIMITED,2162,2021,3400,131,105.1,8.1,17.8
SEETEC BUSINESS TECHNOLOGY CENTRE LIMITED,2162,2020,7703,131,105.1,8.1,17.8
SEETEC BUSINESS TECHNOLOGY CENTRE LIMITED,2162,2019,2583,131,105.1,8.1,17.8
SEETEC BUSINESS TECHNOLOGY CENTRE LIMITED,2162,2018,5798,131,105.1,8.1,17.8
SEETEC BUSINESS TECHNOLOGY CENTRE LIMITED,2162,2017,6388,131,105.1,8.1,17.8
SEETEC BUSINESS TECHNOLOGY CENTRE LIMITED,2162,2016,11220,131,105.1,8.1,17.8
SEETEC BUSINESS TECHNOLOGY CENTRE LIMITED,2162,2015,11656.616,131,105.1,8.1,17.8
SEETEC BUSINESS TECHNOLOGY CENTRE LIMITED,2162,2014,8518.784,131,105.1,8.1,17.8
SEETEC BUSINESS TECHNOLOGY CENTRE LIMITED,2162,2013,9212.356,131,105.1,8.1,17.8
SEETEC BUSINESS TECHNOLOGY CENTRE LIMITED,2162,2012,9630.667,131,105.1,8.1,17.8
SEETEC BUSINESS TECHNOLOGY CENTRE LIMITED,2162,2011,15617.062,131,105.1,8.1,17.8
SEETEC BUSINESS TECHNOLOGY CENTRE LIMITED,2162,2010,5830.218,131,105.1,8.1,17.8
SIPSMITH LIMITED,60,2022,-11331,83.2,48.7,23,11.5
SIPSMITH LIMITED,60,2021,-9067,83.2,48.7,23,11.5
SIPSMITH LIMITED,60,2020,-9863,83.2,48.7,23,11.5
SIPSMITH LIMITED,60,2019,-7191,83.2,48.7,23,11.5
SIPSMITH LIMITED,60,2018,-4406,83.2,48.7,23,11.5
SIPSMITH LIMITED,60,2017,954,83.2,48.7,23,11.5
SIPSMITH LIMITED,60,2016,183.439,83.2,48.7,23,11.5
STRIDE TREGLOWN LIMITED,343,2022,959.592,101.5,56.5,33.8,11.2
STRIDE TREGLOWN LIMITED,343,2021,614.575,101.5,56.5,33.8,11.2
STRIDE TREGLOWN LIMITED,343,2020,722.929,101.5,56.5,33.8,11.2
STRIDE TREGLOWN LIMITED,343,2019,820.167,101.5,56.5,33.8,11.2
STRIDE TREGLOWN LIMITED,343,2018,1304.483,101.5,56.5,33.8,11.2
STRIDE TREGLOWN LIMITED,343,2017,973.074,101.5,56.5,33.8,11.2
STRIDE TREGLOWN LIMITED,343,2016,1350.52,101.5,56.5,33.8,11.2
STRIDE TREGLOWN LIMITED,343,2015,890.135,101.5,56.5,33.8,11.2
STRIDE TREGLOWN LIMITED,343,2014,765.743,101.5,56.5,33.8,11.2
STRIDE TREGLOWN LIMITED,343,2013,859.669,101.5,56.5,33.8,11.2
STRIDE TREGLOWN LIMITED,343,2012,605.743,101.5,56.5,33.8,11.2
STRIDE TREGLOWN LIMITED,343,2011,414.003,101.5,56.5,33.8,11.2
STRIDE TREGLOWN LIMITED,343,2010,401.156,101.5,56.5,33.8,11.2
THE BODY SHOP INTERNATIONAL LIMITED,2568,2022,-34000,82.6,49.9,17,15.7
THE BODY SHOP INTERNATIONAL LIMITED,2568,2021,45000,82.6,49.9,17,15.7
THE BODY SHOP INTERNATIONAL LIMITED,2568,2020,56000,82.6,49.9,17,15.7
THE BODY SHOP INTERNATIONAL LIMITED,2568,2019,173000,82.6,49.9,17,15.7
THE BODY SHOP INTERNATIONAL LIMITED,2568,2018,54000,82.6,49.9,17,15.7
THE BODY SHOP INTERNATIONAL LIMITED,2568,2017,66000,82.6,49.9,17,15.7
THE BODY SHOP INTERNATIONAL LIMITED,2568,2016,65000,82.6,49.9,17,15.7
THE BODY SHOP INTERNATIONAL LIMITED,2568,2015,37200,82.6,49.9,17,15.7
THE BODY SHOP INTERNATIONAL LIMITED,2568,2013,53700,82.6,49.9,17,15.7
THE BODY SHOP INTERNATIONAL LIMITED,2568,2012,48800,82.6,49.9,17,15.7
THE BODY SHOP INTERNATIONAL LIMITED,2568,2011,47100,82.6,49.9,17,15.7
THE BODY SHOP INTERNATIONAL LIMITED,2568,2010,26800,82.6,49.9,17,15.7
THE CRAFTORY LIMITED,13,2022,35087.546,89.5,65.6,4.5,19.4
THE CRAFTORY LIMITED,13,2021,201817.415,89.5,65.6,4.5,19.4
THE CRAFTORY LIMITED,13,2020,18523.422,89.5,65.6,4.5,19.4
THE CRAFTORY LIMITED,13,2019,4987.521,89.5,65.6,4.5,19.4
THE CRAFTORY LIMITED,13,2018,-2695.998,89.5,65.6,4.5,19.4
TOTAL MEDIA GROUP LIMITED,114,2021,840.626,80.2,55,8.1,17.1
TOTAL MEDIA GROUP LIMITED,114,2020,492.592,80.2,55,8.1,17.1
TOTAL MEDIA GROUP LIMITED,114,2019,466.214,80.2,55,8.1,17.1
TOTAL MEDIA GROUP LIMITED,114,2018,1183.506,80.2,55,8.1,17.1
TOTAL MEDIA GROUP LIMITED,114,2017,1300.51,80.2,55,8.1,17.1
TOTAL MEDIA GROUP LIMITED,114,2016,1558.015,80.2,55,8.1,17.1
TOTAL MEDIA GROUP LIMITED,114,2015,919.648,80.2,55,8.1,17.1
TOTAL MEDIA GROUP LIMITED,114,2014,947.368,80.2,55,8.1,17.1
TOTAL MEDIA GROUP LIMITED,114,2013,1256.619,80.2,55,8.1,17.1
TOTAL MEDIA GROUP LIMITED,114,2012,609.485,80.2,55,8.1,17.1
TOTAL MEDIA GROUP LIMITED,114,2011,315.406,80.2,55,8.1,17.1
TOTAL MEDIA GROUP LIMITED,114,2010,429.454,80.2,55,8.1,17.1
USTWO LONDON LTD,56,2021,4908,81.7,56.4,8.5,16.8
USTWO LONDON LTD,56,2020,2017,81.7,56.4,8.5,16.8
USTWO LONDON LTD,56,2019,1183,81.7,56.4,8.5,16.8
USTWO LONDON LTD,56,2018,-674,81.7,56.4,8.5,16.8
USTWO LONDON LTD,56,2017,-732.422,81.7,56.4,8.5,16.8
USTWO LONDON LTD,56,2016,176.704,81.7,56.4,8.5,16.8
VIVOBAREFOOT LIMITED,93,2022,447.741,98.8,62.8,17.6,18.4
VIVOBAREFOOT LIMITED,93,2021,735.865,98.8,62.8,17.6,18.4
VIVOBAREFOOT LIMITED,93,2020,547.014,98.8,62.8,17.6,18.4
VIVOBAREFOOT LIMITED,93,2019,867.716,98.8,62.8,17.6,18.4
VIVOBAREFOOT LIMITED,93,2018,789.814,98.8,62.8,17.6,18.4
VIVOBAREFOOT LIMITED,93,2017,0.879,98.8,62.8,17.6,18.4
VIVOBAREFOOT LIMITED,93,2012,-2658.676,98.8,62.8,17.6,18.4
WHOLEBAKE LIMITED,243,2022,-1224,82,58.9,8.7,14.4
WHOLEBAKE LIMITED,243,2021,-540,82,58.9,8.7,14.4
WHOLEBAKE LIMITED,243,2020,1311,82,58.9,8.7,14.4
WHOLEBAKE LIMITED,243,2019,929,82,58.9,8.7,14.4
WHOLEBAKE LIMITED,243,2018,1169,82,58.9,8.7,14.4
WHOLEBAKE LIMITED,243,2017,1654,82,58.9,8.7,14.4
WHOLEBAKE LIMITED,243,2016,1050,82,58.9,8.7,14.4
WHOLEBAKE LIMITED,243,2015,1518,82,58.9,8.7,14.4
WHOLEBAKE LIMITED,243,2014,2125.594,82,58.9,8.7,14.4
WORLD OF BOOKS GROUP LTD,742,2021,11902.74,84.8,41.1,29.1,14.6
WORLD OF BOOKS GROUP LTD,742,2020,9105.741,84.8,41.1,29.1,14.6
WORLD OF BOOKS GROUP LTD,742,2019,6543.174,84.8,41.1,29.1,14.6
WORLD OF BOOKS GROUP LTD,742,2018,5611.423,84.8,41.1,29.1,14.6
WORLD OF BOOKS GROUP LTD,742,2017,4529.247,84.8,41.1,29.1,14.6
WORLD OF BOOKS GROUP LTD,742,2016,4858.067,84.8,41.1,29.1,14.6
WORLD OF BOOKS GROUP LTD,742,2015,3527.169,84.8,41.1,29.1,14.6
WORLD OF BOOKS GROUP LTD,742,2014,995.733,84.8,41.1,29.1,14.6
WORLD OF BOOKS GROUP LTD,742,2013,883.175,84.8,41.1,29.1,14.6
WORLD OF BOOKS GROUP LTD,742,2012,1178.615,84.8,41.1,29.1,14.6
YOTI LTD,217,2022,-22953.755,81,59,6.4,15.6
YOTI LTD,217,2021,-19322.289,81,59,6.4,15.6
YOTI LTD,217,2020,-24047.386,81,59,6.4,15.6
YOTI LTD,217,2019,-22082.721,81,59,6.4,15.6
YOTI LTD,217,2018,-13074.939,81,59,6.4,15.6
YOTI LTD,217,2017,-10606.704,81,59,6.4,15.6
YOTI LTD,217,2016,-4816.714,81,59,6.4,15.6
ZEN INTERNET LIMITED,556,2022,24211,84.9,52.8,13.2,18.9
ZEN INTERNET LIMITED,556,2021,2408.064,84.9,52.8,13.2,18.9
ZEN INTERNET LIMITED,556,2020,1301.083,84.9,52.8,13.2,18.9
ZEN INTERNET LIMITED,556,2019,3511.851,84.9,52.8,13.2,18.9
ZEN INTERNET LIMITED,556,2018,5891.592,84.9,52.8,13.2,18.9
ZEN INTERNET LIMITED,556,2017,5060.667,84.9,52.8,13.2,18.9
ZEN INTERNET LIMITED,556,2016,4884.087,84.9,52.8,13.2,18.9
ZEN INTERNET LIMITED,556,2015,5837.459,84.9,52.8,13.2,18.9
ZEN INTERNET LIMITED,556,2014,3712.81,84.9,52.8,13.2,18.9
ZEN INTERNET LIMITED,556,2013,3378.839,84.9,52.8,13.2,18.9
ZEN INTERNET LIMITED,556,2012,4425.16,84.9,52.8,13.2,18.9
ZEN INTERNET LIMITED,556,2011,4286.468,84.9,52.8,13.2,18.9
ZEN INTERNET LIMITED,556,2010,3851.937,84.9,52.8,13.2,18.9