Company name,ESG_DISCLOSURE_SCORE,SOCIAL_DISCLOSURE_SCORE,ENVIRON_DISCLOSURE_SCORE,GOVNCE_DISCLOSURE_SCORE,Year,EBITDA
ABEL & COLE LIMITED,,,,,2022,5127.0
ABEL & COLE LIMITED,,,,,2010,1972.045
ABEL & COLE LIMITED,,,,,2012,3992.13
ABEL & COLE LIMITED,,,,,2013,546.0
ABEL & COLE LIMITED,,,,,2014,5122.0
ABEL & COLE LIMITED,,,,,2015,4190.0
ABEL & COLE LIMITED,,,,,2016,1982.0
ABEL & COLE LIMITED,,,,,2011,2889.064
ABEL & COLE LIMITED,,,,,2018,1537.0
ABEL & COLE LIMITED,,,,,2019,-506.0
ABEL & COLE LIMITED,103.5,52.8,36.1,14.6,2020,3012.0
ABEL & COLE LIMITED,,,,,2021,12628.0
ABEL & COLE LIMITED,,,,,2017,1339.0
ADAM SMITH INTERNATIONAL LTD,,,,,2012,9279.621
ADAM SMITH INTERNATIONAL LTD,,,,,2013,13211.257
ADAM SMITH INTERNATIONAL LTD,,,,,2014,17492.643
ADAM SMITH INTERNATIONAL LTD,,,,,2015,17065.166
ADAM SMITH INTERNATIONAL LTD,,,,,2016,18190.74
ADAM SMITH INTERNATIONAL LTD,,,,,2019,-1564.731
ADAM SMITH INTERNATIONAL LTD,142.9,125.4,3.4,14.1,2018,4488.513
ADAM SMITH INTERNATIONAL LTD,,,,,2020,1169.647
ADAM SMITH INTERNATIONAL LTD,,,,,2021,495.537
ADAM SMITH INTERNATIONAL LTD,,,,,2011,7639.958
ADAM SMITH INTERNATIONAL LTD,,,,,2017,5780.475
ADAM SMITH INTERNATIONAL LTD,,,,,2010,6938.634
ALL MARKET EUROPE LIMITED,,,,,2011,133.939
ALL MARKET EUROPE LIMITED,,,,,2010,63.804
ALL MARKET EUROPE LIMITED,,,,,2016,385.806
ALL MARKET EUROPE LIMITED,,,,,2013,1418.082
ALL MARKET EUROPE LIMITED,,,,,2012,83.239
ALL MARKET EUROPE LIMITED,,,,,2014,2286.624
ALL MARKET EUROPE LIMITED,,,,,2015,2882.933
ALL MARKET EUROPE LIMITED,,,,,2017,-2559.222
ALL MARKET EUROPE LIMITED,81.6,50.6,16.3,14.7,2018,-207.097
ALL MARKET EUROPE LIMITED,,,,,2019,679.657
ALL MARKET EUROPE LIMITED,,,,,2020,1698.544
ALL MARKET EUROPE LIMITED,,,,,2021,-2147.145
ALL MARKET EUROPE LIMITED,,,,,2022,-1174.824
BATES WELLS & BRAITHWAITE LONDON LLP,,,,,2021,6619.447
BATES WELLS & BRAITHWAITE LONDON LLP,,,,,2022,7784.926
BATES WELLS & BRAITHWAITE LONDON LLP,,,,,2011,4236.159
BATES WELLS & BRAITHWAITE LONDON LLP,,,,,2010,4987.771
BATES WELLS & BRAITHWAITE LONDON LLP,,,,,2013,4877.415
BATES WELLS & BRAITHWAITE LONDON LLP,,,,,2014,5964.035
BATES WELLS & BRAITHWAITE LONDON LLP,,,,,2012,5339.527
BATES WELLS & BRAITHWAITE LONDON LLP,,,,,2016,6637.783
BATES WELLS & BRAITHWAITE LONDON LLP,,,,,2017,7079.275
BATES WELLS & BRAITHWAITE LONDON LLP,,,,,2018,7591.249
BATES WELLS & BRAITHWAITE LONDON LLP,116.5,78.9,15.5,22.1,2019,7633.98
BATES WELLS & BRAITHWAITE LONDON LLP,,,,,2020,6607.261
BATES WELLS & BRAITHWAITE LONDON LLP,,,,,2015,6517.723
BENNETTS ASSOCIATES LIMITED,,,,,2011,197.187
BENNETTS ASSOCIATES LIMITED,,,,,2012,241.653
BENNETTS ASSOCIATES LIMITED,,,,,2015,608.081
BENNETTS ASSOCIATES LIMITED,,,,,2014,492.127
BENNETTS ASSOCIATES LIMITED,,,,,2013,369.511
BENNETTS ASSOCIATES LIMITED,,,,,2022,247.663
BENNETTS ASSOCIATES LIMITED,,,,,2020,58.338
BENNETTS ASSOCIATES LIMITED,121.5,77.0,34.4,10.1,2019,-384.551
BENNETTS ASSOCIATES LIMITED,,,,,2018,277.47
BENNETTS ASSOCIATES LIMITED,,,,,2017,395.431
BENNETTS ASSOCIATES LIMITED,,,,,2016,362.934
BENNETTS ASSOCIATES LIMITED,,,,,2021,227.619
BIGHAMS LIMITED,,,,,2018,742.267
BIGHAMS LIMITED,,,,,2013,2571.197
BIGHAMS LIMITED,83.2,47.0,20.6,15.6,2019,4382.614
BIGHAMS LIMITED,,,,,2020,8726.661
BIGHAMS LIMITED,,,,,2021,11285.168
BIGHAMS LIMITED,,,,,2022,8695.525
BIGHAMS LIMITED,,,,,2015,3437.929
BIGHAMS LIMITED,,,,,2014,2169.229
BIGHAMS LIMITED,,,,,2012,1973.826
BIGHAMS LIMITED,,,,,2010,532.43
BIGHAMS LIMITED,,,,,2017,5552.859
BIGHAMS LIMITED,,,,,2011,1433.861
BIGHAMS LIMITED,,,,,2016,4337.247
BLUE ZOO PRODUCTIONS LIMITED,,,,,2022,1037.806
BLUE ZOO PRODUCTIONS LIMITED,,,,,2021,2082.266
BLUE ZOO PRODUCTIONS LIMITED,85.0,60.1,9.9,15.0,2020,1027.93
BLUE ZOO PRODUCTIONS LIMITED,,,,,2019,101.307
BLUE ZOO PRODUCTIONS LIMITED,,,,,2018,-167.143
BLUE ZOO PRODUCTIONS LIMITED,,,,,2017,-100.181
BLUE ZOO PRODUCTIONS LIMITED,,,,,2016,922.276
BREWDOG PLC,81.8,46.1,20.7,15.0,2021,17488.0
BREWDOG PLC,,,,,2020,15441.0
BREWDOG PLC,,,,,2017,7344.0
BREWDOG PLC,,,,,2016,7295.0
BREWDOG PLC,,,,,2022,3571.0
BREWDOG PLC,,,,,2011,568.69
BREWDOG PLC,,,,,2018,8687.0
BREWDOG PLC,,,,,2010,283.246
BREWDOG PLC,,,,,2019,15514.0
BREWDOG PLC,,,,,2013,3152.756
BREWDOG PLC,,,,,2014,4907.962
BREWDOG PLC,,,,,2015,4892.0
BREWDOG PLC,,,,,2012,759.092
BRIDGES FUND MANAGEMENT LIMITED,,,,,2022,-10858.471
BRIDGES FUND MANAGEMENT LIMITED,,,,,2021,-8689.827
BRIDGES FUND MANAGEMENT LIMITED,145.4,110.6,13.9,20.9,2020,-7772.913
BRIDGES FUND MANAGEMENT LIMITED,,,,,2019,-9560.208
BRIDGES FUND MANAGEMENT LIMITED,,,,,2018,-8354.375
BRIDGES FUND MANAGEMENT LIMITED,,,,,2017,-4623.294
BRUICHLADDICH DISTILLERY COMPANY LIMITED,,,,,2010,1467.984
BRUICHLADDICH DISTILLERY COMPANY LIMITED,,,,,2013,565.352
BRUICHLADDICH DISTILLERY COMPANY LIMITED,,,,,2014,715.125
BRUICHLADDICH DISTILLERY COMPANY LIMITED,,,,,2017,3312.006
BRUICHLADDICH DISTILLERY COMPANY LIMITED,,,,,2011,1438.496
BRUICHLADDICH DISTILLERY COMPANY LIMITED,,,,,2021,5701.191
BRUICHLADDICH DISTILLERY COMPANY LIMITED,,,,,2015,2686.943
BRUICHLADDICH DISTILLERY COMPANY LIMITED,,,,,2018,2724.013
BRUICHLADDICH DISTILLERY COMPANY LIMITED,,,,,2022,6857.372
BRUICHLADDICH DISTILLERY COMPANY LIMITED,,,,,2016,1007.737
BRUICHLADDICH DISTILLERY COMPANY LIMITED,83.2,47.0,28.5,7.7,2019,3478.329
BRUICHLADDICH DISTILLERY COMPANY LIMITED,,,,,2020,3155.713
COOK TRADING LIMITED,,,,,2021,8181.079
COOK TRADING LIMITED,104.1,61.3,25.2,17.6,2020,7186.33
COOK TRADING LIMITED,,,,,2019,5306.2
COOK TRADING LIMITED,,,,,2018,4902.916
COOK TRADING LIMITED,,,,,2017,4403.07
COOK TRADING LIMITED,,,,,2015,3521.419
COOK TRADING LIMITED,,,,,2014,3254.589
COOK TRADING LIMITED,,,,,2013,2550.478
COOK TRADING LIMITED,,,,,2012,2167.183
COOK TRADING LIMITED,,,,,2011,1528.057
COOK TRADING LIMITED,,,,,2010,1098.607
COOK TRADING LIMITED,,,,,2022,6259.425
COOK TRADING LIMITED,,,,,2016,3904.505
DIVINE CHOCOLATE LIMITED,,,,,2017,403.097
DIVINE CHOCOLATE LIMITED,,,,,2012,59.176
DIVINE CHOCOLATE LIMITED,,,,,2013,159.684
DIVINE CHOCOLATE LIMITED,,,,,2014,372.779
DIVINE CHOCOLATE LIMITED,,,,,2015,591.0
DIVINE CHOCOLATE LIMITED,,,,,2016,732.203
DIVINE CHOCOLATE LIMITED,,,,,2010,-137.158
DIVINE CHOCOLATE LIMITED,,,,,2011,166.316
DIVINE CHOCOLATE LIMITED,127.1,97.0,15.9,14.2,2019,-782.362
DIVINE CHOCOLATE LIMITED,,,,,2018,145.576
DIVINE CHOCOLATE LIMITED,,,,,2022,-1060.025
DIVINE CHOCOLATE LIMITED,,,,,2021,-120.091
DIVINE CHOCOLATE LIMITED,,,,,2020,-1241.556
EDIT AGENCY LIMITED,,,,,2016,1783.208
EDIT AGENCY LIMITED,,,,,2015,2044.539
EDIT AGENCY LIMITED,,,,,2014,1964.181
EDIT AGENCY LIMITED,,,,,2013,300.421
EDIT AGENCY LIMITED,,,,,2012,741.262
EDIT AGENCY LIMITED,,,,,2011,2791.107
EDIT AGENCY LIMITED,,,,,2019,-584.104
EDIT AGENCY LIMITED,,,,,2020,-5655.228
EDIT AGENCY LIMITED,,,,,2010,1633.138
EDIT AGENCY LIMITED,80.4,55.9,9.7,14.8,2021,1967.23
EDIT AGENCY LIMITED,,,,,2018,83.0
EDIT AGENCY LIMITED,,,,,2017,1864.8
EDIT AGENCY LIMITED,,,,,2022,1276.244
EMMA BRIDGEWATER LIMITED,,,,,2022,1660.254
EMMA BRIDGEWATER LIMITED,81.6,47.7,19.9,14.0,2021,1379.669
EMMA BRIDGEWATER LIMITED,,,,,2020,1991.655
EMMA BRIDGEWATER LIMITED,,,,,2019,2299.13
EMMA BRIDGEWATER LIMITED,,,,,2018,1450.045
EMMA BRIDGEWATER LIMITED,,,,,2017,1124.38
EMMA BRIDGEWATER LIMITED,,,,,2016,973.27
EMMA BRIDGEWATER LIMITED,,,,,2015,1226.602
EMMA BRIDGEWATER LIMITED,,,,,2014,308.422
EMMA BRIDGEWATER LIMITED,,,,,2013,849.395
EMMA BRIDGEWATER LIMITED,,,,,2012,1023.136
EMMA BRIDGEWATER LIMITED,,,,,2011,924.593
EMMA BRIDGEWATER LIMITED,,,,,2010,752.169
EQ INVESTORS GROUP LIMITED,151.1,127.4,5.2,18.5,2020,274.704
EQ INVESTORS GROUP LIMITED,,,,,2021,1102.473
EQ INVESTORS GROUP LIMITED,,,,,2022,1595.906
EQ INVESTORS GROUP LIMITED,,,,,2019,6.142
EQ INVESTORS GROUP LIMITED,,,,,2015,-267.497
EQ INVESTORS GROUP LIMITED,,,,,2016,-1229.171
EQ INVESTORS GROUP LIMITED,,,,,2017,-1183.105
EQ INVESTORS GROUP LIMITED,,,,,2018,-378.52
FARMDROP LIMITED,97.9,40.4,42.4,15.1,2020,-9130.78
FARMDROP LIMITED,,,,,2019,-10747.886
FARMDROP LIMITED,,,,,2018,-7564.331
FARMDROP LIMITED,,,,,2017,-3872.269
FREUD COMMUNICATIONS LIMITED,,,,,2012,8998.255
FREUD COMMUNICATIONS LIMITED,80.0,54.0,10.2,15.8,2019,9774.623
FREUD COMMUNICATIONS LIMITED,,,,,2011,8385.0
FREUD COMMUNICATIONS LIMITED,,,,,2017,7617.904
FREUD COMMUNICATIONS LIMITED,,,,,2020,9270.584
FREUD COMMUNICATIONS LIMITED,,,,,2021,9650.211
FREUD COMMUNICATIONS LIMITED,,,,,2013,9032.414
FREUD COMMUNICATIONS LIMITED,,,,,2014,8205.447
FREUD COMMUNICATIONS LIMITED,,,,,2015,9126.572
FREUD COMMUNICATIONS LIMITED,,,,,2016,10427.567
FREUD COMMUNICATIONS LIMITED,,,,,2018,7745.671
FREUD COMMUNICATIONS LIMITED,,,,,2010,6432.0
GENERATION INVESTMENT MANAGEMENT LLP,,,,,2015,100389.0
GENERATION INVESTMENT MANAGEMENT LLP,,,,,2016,148717.0
GENERATION INVESTMENT MANAGEMENT LLP,107.5,79.0,12.6,15.9,2017,244322.0
GENERATION INVESTMENT MANAGEMENT LLP,,,,,2018,249587.0
GENERATION INVESTMENT MANAGEMENT LLP,,,,,2019,292375.0
GENERATION INVESTMENT MANAGEMENT LLP,,,,,2021,455280.0
GENERATION INVESTMENT MANAGEMENT LLP,,,,,2022,172464.0
GENERATION INVESTMENT MANAGEMENT LLP,,,,,2014,60515.0
GENERATION INVESTMENT MANAGEMENT LLP,,,,,2013,41545.0
GENERATION INVESTMENT MANAGEMENT LLP,,,,,2012,31527.0
GENERATION INVESTMENT MANAGEMENT LLP,,,,,2011,57073.0
GENERATION INVESTMENT MANAGEMENT LLP,,,,,2010,51810.0
GENERATION INVESTMENT MANAGEMENT LLP,,,,,2020,253825.0
GENUINE SOLUTIONS LIMITED,89.3,46.3,27.1,15.9,2020,106.291
GENUINE SOLUTIONS LIMITED,,,,,2017,-170.576
GENUINE SOLUTIONS LIMITED,,,,,2022,-1035.539
GENUINE SOLUTIONS LIMITED,,,,,2021,184.676
GENUINE SOLUTIONS LIMITED,,,,,2018,-283.84
GENUINE SOLUTIONS LIMITED,,,,,2014,506.122
GENUINE SOLUTIONS LIMITED,,,,,2013,466.231
GENUINE SOLUTIONS LIMITED,,,,,2012,2089.939
GENUINE SOLUTIONS LIMITED,,,,,2019,162.705
GROUND CONTROL LIMITED,,,,,2016,7019.734
GROUND CONTROL LIMITED,,,,,2017,6999.61
GROUND CONTROL LIMITED,,,,,2018,6657.71
GROUND CONTROL LIMITED,,,,,2019,10340.766
GROUND CONTROL LIMITED,80.0,52.9,17.5,9.6,2020,13591.059
GROUND CONTROL LIMITED,,,,,2015,6882.0
GROUND CONTROL LIMITED,,,,,2011,4594.655
GROUND CONTROL LIMITED,,,,,2022,15998.246
GROUND CONTROL LIMITED,,,,,2013,5899.486
GROUND CONTROL LIMITED,,,,,2012,5249.018
GROUND CONTROL LIMITED,,,,,2021,15697.244
GROUND CONTROL LIMITED,,,,,2010,3497.759
GROUND CONTROL LIMITED,,,,,2014,6540.44
GUARDIAN MEDIA GROUP PLC,,,,,2022,14700.0
GUARDIAN MEDIA GROUP PLC,,,,,2021,-4800.0
GUARDIAN MEDIA GROUP PLC,,,,,2020,-8200.0
GUARDIAN MEDIA GROUP PLC,86.2,68.1,7.6,10.5,2019,-12900.0
GUARDIAN MEDIA GROUP PLC,,,,,2018,-48800.0
GUARDIAN MEDIA GROUP PLC,,,,,2017,-54300.0
GUARDIAN MEDIA GROUP PLC,,,,,2014,-41700.0
GUARDIAN MEDIA GROUP PLC,,,,,2015,-75100.0
GUARDIAN MEDIA GROUP PLC,,,,,2013,-35600.0
GUARDIAN MEDIA GROUP PLC,,,,,2012,-51100.0
GUARDIAN MEDIA GROUP PLC,,,,,2011,-50400.0
GUARDIAN MEDIA GROUP PLC,,,,,2010,-256100.0
GUARDIAN MEDIA GROUP PLC,,,,,2016,-89400.0
HELIOS INVESTMENT PARTNERS LLP,,,,,2021,6879.896
HELIOS INVESTMENT PARTNERS LLP,,,,,2022,7350.445
HELIOS INVESTMENT PARTNERS LLP,,,,,2012,3241.126
HELIOS INVESTMENT PARTNERS LLP,97.9,71.0,11.9,15.0,2019,4651.723
HELIOS INVESTMENT PARTNERS LLP,,,,,2011,2378.852
HELIOS INVESTMENT PARTNERS LLP,,,,,2010,2190.741
HELIOS INVESTMENT PARTNERS LLP,,,,,2020,6566.355
HELIOS INVESTMENT PARTNERS LLP,,,,,2014,3394.452
HELIOS INVESTMENT PARTNERS LLP,,,,,2015,2791.599
HELIOS INVESTMENT PARTNERS LLP,,,,,2018,4101.553
HELIOS INVESTMENT PARTNERS LLP,,,,,2017,5023.438
HELIOS INVESTMENT PARTNERS LLP,,,,,2013,3286.853
HELIOS INVESTMENT PARTNERS LLP,,,,,2016,4316.056
HIGGIDY LIMITED,,,,,2017,976.8
HIGGIDY LIMITED,,,,,2011,739.378
HIGGIDY LIMITED,,,,,2012,771.463
HIGGIDY LIMITED,,,,,2013,942.272
HIGGIDY LIMITED,,,,,2014,961.538
HIGGIDY LIMITED,,,,,2015,632.634
HIGGIDY LIMITED,,,,,2016,1425.565
HIGGIDY LIMITED,,,,,2018,939.034
HIGGIDY LIMITED,,,,,2019,1136.723
HIGGIDY LIMITED,,,,,2021,2587.113
HIGGIDY LIMITED,80.4,54.1,12.9,13.4,2020,2922.971
INVESTINDUSTRIAL SERVICES LIMITED,,,,,2014,377.425
INVESTINDUSTRIAL SERVICES LIMITED,,,,,2022,1386.24
INVESTINDUSTRIAL SERVICES LIMITED,,,,,2021,4152.493
INVESTINDUSTRIAL SERVICES LIMITED,,,,,2020,4483.232
INVESTINDUSTRIAL SERVICES LIMITED,116.2,79.1,15.5,21.6,2019,2267.738
INVESTINDUSTRIAL SERVICES LIMITED,,,,,2018,1282.351
INVESTINDUSTRIAL SERVICES LIMITED,,,,,2017,856.463
INVESTINDUSTRIAL SERVICES LIMITED,,,,,2016,603.243
INVESTINDUSTRIAL SERVICES LIMITED,,,,,2015,633.315
INVESTINDUSTRIAL SERVICES LIMITED,,,,,2013,1164.585
INVESTINDUSTRIAL SERVICES LIMITED,,,,,2012,8.836
JOJO MAMAN BEBE LTD,,,,,2013,1989.708
JOJO MAMAN BEBE LTD,,,,,2014,3761.49
JOJO MAMAN BEBE LTD,,,,,2015,5131.643
JOJO MAMAN BEBE LTD,,,,,2016,4626.225
JOJO MAMAN BEBE LTD,,,,,2017,5141.636
JOJO MAMAN BEBE LTD,81.1,49.1,17.9,14.1,2018,5071.982
JOJO MAMAN BEBE LTD,,,,,2019,2573.631
JOJO MAMAN BEBE LTD,,,,,2020,1991.803
JOJO MAMAN BEBE LTD,,,,,2021,7240.603
JOJO MAMAN BEBE LTD,,,,,2011,1789.356
JOJO MAMAN BEBE LTD,,,,,2010,1795.403
JOJO MAMAN BEBE LTD,,,,,2012,1820.258
JOJO MAMAN BEBE LTD,,,,,2022,3207.101
KIN AND CARTA UK LIMITED,,,,,2017,-3676.149
KIN AND CARTA UK LIMITED,,,,,2018,-12814.362
KIN AND CARTA UK LIMITED,,,,,2010,16.56
KIN AND CARTA UK LIMITED,,,,,2019,4193.235
KIN AND CARTA UK LIMITED,90.0,57.0,12.2,20.8,2020,3458.14
KIN AND CARTA UK LIMITED,,,,,2021,1134.084
KIN AND CARTA UK LIMITED,,,,,2022,803.455
KIN AND CARTA UK LIMITED,,,,,2016,2302.349
MACPHIE LIMITED,,,,,2010,3906.042
MACPHIE LIMITED,,,,,2011,2417.286
MACPHIE LIMITED,,,,,2012,3528.296
MACPHIE LIMITED,,,,,2014,2998.843
MACPHIE LIMITED,,,,,2016,5925.368
MACPHIE LIMITED,,,,,2017,7233.805
MACPHIE LIMITED,,,,,2018,4380.634
MACPHIE LIMITED,,,,,2019,2848.799
MACPHIE LIMITED,93.7,48.8,28.0,16.9,2020,4697.047
MACPHIE LIMITED,,,,,2021,2854.762
MACPHIE LIMITED,,,,,2022,5367.81
MACPHIE LIMITED,,,,,2015,4878.451
MACPHIE LIMITED,,,,,2013,3507.27
MAPP (PROPERTY MANAGEMENT) LIMITED,,,,,2022,3590.472
MAPP (PROPERTY MANAGEMENT) LIMITED,,,,,2021,2624.526
MAPP (PROPERTY MANAGEMENT) LIMITED,86.6,58.2,11.8,16.6,2020,2109.573
MAPP (PROPERTY MANAGEMENT) LIMITED,,,,,2019,1931.932
MAPP (PROPERTY MANAGEMENT) LIMITED,,,,,2018,1421.968
MAPP (PROPERTY MANAGEMENT) LIMITED,,,,,2017,1056.289
MAPP (PROPERTY MANAGEMENT) LIMITED,,,,,2016,1007.175
MAPP (PROPERTY MANAGEMENT) LIMITED,,,,,2015,499.574
MAPP (PROPERTY MANAGEMENT) LIMITED,,,,,2014,1026.205
MAPP (PROPERTY MANAGEMENT) LIMITED,,,,,2013,1425.775
MAPP (PROPERTY MANAGEMENT) LIMITED,,,,,2012,1383.9
MAPP (PROPERTY MANAGEMENT) LIMITED,,,,,2011,1412.78
MAPP (PROPERTY MANAGEMENT) LIMITED,,,,,2010,48.151
MATRIX APA (UK) LTD,,,,,2022,1686.515
MATRIX APA (UK) LTD,,,,,2018,383.05
MATRIX APA (UK) LTD,,,,,2017,631.435
MATRIX APA (UK) LTD,,,,,2020,-71.164
MATRIX APA (UK) LTD,84.0,53.4,12.5,18.1,2019,1310.013
MATRIX APA (UK) LTD,,,,,2021,-1124.126
MONTANARO ASSET MANAGEMENT LIMITED,,,,,2020,10430.077
MONTANARO ASSET MANAGEMENT LIMITED,,,,,2022,-9241.065
MONTANARO ASSET MANAGEMENT LIMITED,81.8,66.3,5.3,10.2,2018,6322.435
MONTANARO ASSET MANAGEMENT LIMITED,,,,,2017,7356.745
MONTANARO ASSET MANAGEMENT LIMITED,,,,,2016,5714.181
MONTANARO ASSET MANAGEMENT LIMITED,,,,,2015,15099.167
MONTANARO ASSET MANAGEMENT LIMITED,,,,,2014,9941.485
MONTANARO ASSET MANAGEMENT LIMITED,,,,,2012,9223.317
MONTANARO ASSET MANAGEMENT LIMITED,,,,,2011,7671.043
MONTANARO ASSET MANAGEMENT LIMITED,,,,,2010,17345.624
MONTANARO ASSET MANAGEMENT LIMITED,,,,,2021,24979.613
MONTANARO ASSET MANAGEMENT LIMITED,,,,,2019,17374.042
MONTANARO ASSET MANAGEMENT LIMITED,,,,,2013,9958.171
MPM PRODUCTS LIMITED,,,,,2016,3882.0
MPM PRODUCTS LIMITED,,,,,2022,18084.0
MPM PRODUCTS LIMITED,,,,,2021,11802.0
MPM PRODUCTS LIMITED,,,,,2020,6560.0
MPM PRODUCTS LIMITED,81.8,47.7,17.5,16.6,2019,5928.0
MPM PRODUCTS LIMITED,,,,,2018,7355.0
MPM PRODUCTS LIMITED,,,,,2011,725.452
MPM PRODUCTS LIMITED,,,,,2012,1442.336
MPM PRODUCTS LIMITED,,,,,2013,1146.282
MPM PRODUCTS LIMITED,,,,,2014,2260.926
MPM PRODUCTS LIMITED,,,,,2015,1920.269
MPM PRODUCTS LIMITED,,,,,2017,4351.0
OWEN MUMFORD HOLDINGS LIMITED,,,,,2013,15220.325
OWEN MUMFORD HOLDINGS LIMITED,,,,,2010,8238.368
OWEN MUMFORD HOLDINGS LIMITED,,,,,2011,10983.439
OWEN MUMFORD HOLDINGS LIMITED,,,,,2014,8453.68
OWEN MUMFORD HOLDINGS LIMITED,,,,,2022,18717.722
OWEN MUMFORD HOLDINGS LIMITED,,,,,2017,11893.358
OWEN MUMFORD HOLDINGS LIMITED,,,,,2018,11744.59
OWEN MUMFORD HOLDINGS LIMITED,,,,,2019,12564.091
OWEN MUMFORD HOLDINGS LIMITED,,,,,2012,10881.496
OWEN MUMFORD HOLDINGS LIMITED,82.8,78.8,17.6,13.6,2020,7821.259
OWEN MUMFORD HOLDINGS LIMITED,,,,,2016,12633.721
OWEN MUMFORD HOLDINGS LIMITED,,,,,2015,13792.032
OWEN MUMFORD HOLDINGS LIMITED,,,,,2021,11876.053
PUKKA HERBS LIMITED,,,,,2016,172.981
PUKKA HERBS LIMITED,,,,,2015,1225.429
PUKKA HERBS LIMITED,,,,,2014,627.026
PUKKA HERBS LIMITED,,,,,2013,525.362
PUKKA HERBS LIMITED,,,,,2011,285.474
PUKKA HERBS LIMITED,,,,,2022,3057.0
PUKKA HERBS LIMITED,104.1,49.4,39.4,15.3,2018,-4731.0
PUKKA HERBS LIMITED,,,,,2021,2328.0
PUKKA HERBS LIMITED,,,,,2020,-2279.0
PUKKA HERBS LIMITED,,,,,2019,-2839.0
PUKKA HERBS LIMITED,,,,,2017,-3054.475
RIVERFORD ORGANIC FARMERS LIMITED,,,,,2012,2672.954
RIVERFORD ORGANIC FARMERS LIMITED,,,,,2013,2462.747
RIVERFORD ORGANIC FARMERS LIMITED,,,,,2016,1974.505
RIVERFORD ORGANIC FARMERS LIMITED,,,,,2015,1909.778
RIVERFORD ORGANIC FARMERS LIMITED,,,,,2017,1873.192
RIVERFORD ORGANIC FARMERS LIMITED,,,,,2018,1804.6
RIVERFORD ORGANIC FARMERS LIMITED,124.6,86.2,24.3,14.1,2019,4401.845
RIVERFORD ORGANIC FARMERS LIMITED,,,,,2021,13397.0
RIVERFORD ORGANIC FARMERS LIMITED,,,,,2022,6754.0
RIVERFORD ORGANIC FARMERS LIMITED,,,,,2014,2606.548
RIVERFORD ORGANIC FARMERS LIMITED,,,,,2020,1438.376
RIVERFORD ORGANIC FARMERS LIMITED,,,,,2011,1689.365
RIVERFORD ORGANIC FARMERS LIMITED,,,,,2010,1773.923
SEETEC BUSINESS TECHNOLOGY CENTRE LIMITED,,,,,2014,8518.784
SEETEC BUSINESS TECHNOLOGY CENTRE LIMITED,,,,,2022,8677.0
SEETEC BUSINESS TECHNOLOGY CENTRE LIMITED,,,,,2021,3400.0
SEETEC BUSINESS TECHNOLOGY CENTRE LIMITED,,,,,2020,7703.0
SEETEC BUSINESS TECHNOLOGY CENTRE LIMITED,,,,,2019,2583.0
SEETEC BUSINESS TECHNOLOGY CENTRE LIMITED,131.0,105.1,8.1,17.8,2018,5798.0
SEETEC BUSINESS TECHNOLOGY CENTRE LIMITED,,,,,2017,6388.0
SEETEC BUSINESS TECHNOLOGY CENTRE LIMITED,,,,,2016,11220.0
SEETEC BUSINESS TECHNOLOGY CENTRE LIMITED,,,,,2015,11656.616
SEETEC BUSINESS TECHNOLOGY CENTRE LIMITED,,,,,2013,9212.356
SEETEC BUSINESS TECHNOLOGY CENTRE LIMITED,,,,,2010,5830.218
SEETEC BUSINESS TECHNOLOGY CENTRE LIMITED,,,,,2011,15617.062
SEETEC BUSINESS TECHNOLOGY CENTRE LIMITED,,,,,2012,9630.667
SIPSMITH LIMITED,,,,,2022,-11331.0
SIPSMITH LIMITED,,,,,2018,-4406.0
SIPSMITH LIMITED,,,,,2021,-9067.0
SIPSMITH LIMITED,,,,,2017,954.0
SIPSMITH LIMITED,,,,,2016,183.439
SIPSMITH LIMITED,,,,,2019,-7191.0
SIPSMITH LIMITED,83.2,48.7,23.0,11.5,2020,-9863.0
STRIDE TREGLOWN LIMITED,,,,,2010,401.156
STRIDE TREGLOWN LIMITED,,,,,2021,614.575
STRIDE TREGLOWN LIMITED,101.5,56.5,33.8,11.2,2020,722.929
STRIDE TREGLOWN LIMITED,,,,,2019,820.167
STRIDE TREGLOWN LIMITED,,,,,2018,1304.483
STRIDE TREGLOWN LIMITED,,,,,2017,973.074
STRIDE TREGLOWN LIMITED,,,,,2016,1350.52
STRIDE TREGLOWN LIMITED,,,,,2015,890.135
STRIDE TREGLOWN LIMITED,,,,,2014,765.743
STRIDE TREGLOWN LIMITED,,,,,2013,859.669
STRIDE TREGLOWN LIMITED,,,,,2012,605.743
STRIDE TREGLOWN LIMITED,,,,,2022,959.592
STRIDE TREGLOWN LIMITED,,,,,2011,414.003
THE BODY SHOP INTERNATIONAL LIMITED,,,,,2022,-34000.0
THE BODY SHOP INTERNATIONAL LIMITED,,,,,2010,26800.0
THE BODY SHOP INTERNATIONAL LIMITED,,,,,2011,47100.0
THE BODY SHOP INTERNATIONAL LIMITED,,,,,2012,48800.0
THE BODY SHOP INTERNATIONAL LIMITED,,,,,2021,45000.0
THE BODY SHOP INTERNATIONAL LIMITED,,,,,2020,56000.0
THE BODY SHOP INTERNATIONAL LIMITED,82.6,49.9,17.0,15.7,2019,173000.0
THE BODY SHOP INTERNATIONAL LIMITED,,,,,2018,54000.0
THE BODY SHOP INTERNATIONAL LIMITED,,,,,2017,66000.0
THE BODY SHOP INTERNATIONAL LIMITED,,,,,2016,65000.0
THE BODY SHOP INTERNATIONAL LIMITED,,,,,2015,37200.0
THE BODY SHOP INTERNATIONAL LIMITED,,,,,2013,53700.0
THE CRAFTORY LIMITED,,,,,2018,-2695.998
THE CRAFTORY LIMITED,89.5,65.6,4.5,19.4,2019,4987.521
THE CRAFTORY LIMITED,,,,,2021,201817.415
THE CRAFTORY LIMITED,,,,,2020,18523.422
THE CRAFTORY LIMITED,,,,,2022,35087.546
TOTAL MEDIA GROUP LIMITED,,,,,2015,919.648
TOTAL MEDIA GROUP LIMITED,,,,,2021,840.626
TOTAL MEDIA GROUP LIMITED,80.2,55.0,8.1,17.1,2020,492.592
TOTAL MEDIA GROUP LIMITED,,,,,2019,466.214
TOTAL MEDIA GROUP LIMITED,,,,,2018,1183.506
TOTAL MEDIA GROUP LIMITED,,,,,2017,1300.51
TOTAL MEDIA GROUP LIMITED,,,,,2010,429.454
TOTAL MEDIA GROUP LIMITED,,,,,2011,315.406
TOTAL MEDIA GROUP LIMITED,,,,,2012,609.485
TOTAL MEDIA GROUP LIMITED,,,,,2013,1256.619
TOTAL MEDIA GROUP LIMITED,,,,,2014,947.368
TOTAL MEDIA GROUP LIMITED,,,,,2016,1558.015
USTWO LONDON LTD,81.7,56.4,8.5,16.8,2019,1183.0
USTWO LONDON LTD,,,,,2018,-674.0
USTWO LONDON LTD,,,,,2017,-732.422
USTWO LONDON LTD,,,,,2016,176.704
USTWO LONDON LTD,,,,,2020,2017.0
USTWO LONDON LTD,,,,,2021,4908.0
VIVOBAREFOOT LIMITED,,,,,2021,735.865
VIVOBAREFOOT LIMITED,,,,,2020,547.014
VIVOBAREFOOT LIMITED,98.8,62.8,17.6,18.4,2019,867.716
VIVOBAREFOOT LIMITED,,,,,2018,789.814
VIVOBAREFOOT LIMITED,,,,,2012,-2658.676
VIVOBAREFOOT LIMITED,,,,,2017,0.879
VIVOBAREFOOT LIMITED,,,,,2022,447.741
WHOLEBAKE LIMITED,,,,,2022,-1224.0
WHOLEBAKE LIMITED,,,,,2021,-540.0
WHOLEBAKE LIMITED,,,,,2020,1311.0
WHOLEBAKE LIMITED,,,,,2016,1050.0
WHOLEBAKE LIMITED,,,,,2018,1169.0
WHOLEBAKE LIMITED,,,,,2017,1654.0
WHOLEBAKE LIMITED,,,,,2015,1518.0
WHOLEBAKE LIMITED,,,,,2014,2125.594
WHOLEBAKE LIMITED,82.0,58.9,8.7,14.4,2019,929.0
WORLD OF BOOKS GROUP LTD,,,,,2021,11902.74
WORLD OF BOOKS GROUP LTD,,,,,2020,9105.741
WORLD OF BOOKS GROUP LTD,84.8,41.1,29.1,14.6,2018,5611.423
WORLD OF BOOKS GROUP LTD,,,,,2019,6543.174
WORLD OF BOOKS GROUP LTD,,,,,2016,4858.067
WORLD OF BOOKS GROUP LTD,,,,,2015,3527.169
WORLD OF BOOKS GROUP LTD,,,,,2014,995.733
WORLD OF BOOKS GROUP LTD,,,,,2013,883.175
WORLD OF BOOKS GROUP LTD,,,,,2012,1178.615
WORLD OF BOOKS GROUP LTD,,,,,2017,4529.247
YOTI LTD,,,,,2016,-4816.714
YOTI LTD,81.0,59.0,6.4,15.6,2017,-10606.704
YOTI LTD,,,,,2018,-13074.939
YOTI LTD,,,,,2019,-22082.721
YOTI LTD,,,,,2020,-24047.386
YOTI LTD,,,,,2022,-22953.755
YOTI LTD,,,,,2021,-19322.289
ZEN INTERNET LIMITED,,,,,2010,3851.937
ZEN INTERNET LIMITED,,,,,2011,4286.468
ZEN INTERNET LIMITED,,,,,2012,4425.16
ZEN INTERNET LIMITED,,,,,2014,3712.81
ZEN INTERNET LIMITED,,,,,2016,4884.087
ZEN INTERNET LIMITED,,,,,2017,5060.667
ZEN INTERNET LIMITED,,,,,2018,5891.592
ZEN INTERNET LIMITED,84.9,52.8,13.2,18.9,2019,3511.851
ZEN INTERNET LIMITED,,,,,2020,1301.083
ZEN INTERNET LIMITED,,,,,2021,2408.064
ZEN INTERNET LIMITED,,,,,2022,24211.0
ZEN INTERNET LIMITED,,,,,2013,3378.839
ZEN INTERNET LIMITED,,,,,2015,5837.459
