Filtered_SME_ESG_Fame_with_CAGR (1),,,,,,
Company name,ESG_DISCLOSURE_SCORE,SOCIAL_DISCLOSURE_SCORE,ENVIRON_DISCLOSURE_SCORE,GOVNCE_DISCLOSURE_SCORE,Year,EBITDA_CAGR
ABEL & COLE LIMITED,103.5,52.8,36.1,14.6,2020,0.0828763646643769
ADAM SMITH INTERNATIONAL LTD,142.9,125.4,3.4,14.1,2018,-0.21331622780936
ALL MARKET EUROPE LIMITED,81.6,50.6,16.3,14.7,2018,-0.3498
BATES WELLS & BRAITHWAITE LONDON LLP,116.5,78.9,15.5,22.1,2019,0.0377968111727607
BENNETTS ASSOCIATES LIMITED,121.5,77,34.4,10.1,2019,0.0209358185242301
BIGHAMS LIMITED,83.2,47,20.6,15.6,2019,0.262077741754524
BLUE ZOO PRODUCTIONS LIMITED,85,60.1,9.9,15,2020,0.019864664600945
BREWDOG PLC,81.8,46.1,20.7,15,2021,0.235147542800501
BRIDGES FUND MANAGEMENT LIMITED,145.4,110.6,13.9,20.9,2020,0.186215058319122
BRUICHLADDICH DISTILLERY COMPANY LIMITED,83.2,47,28.5,7.7,2019,0.150423788340498
COOK TRADING LIMITED,104.1,61.3,25.2,17.6,2020,0.156043935694216
DIVINE CHOCOLATE LIMITED,127.1,97,15.9,14.2,2019,0.185790355360844
EDIT AGENCY LIMITED,80.4,55.9,9.7,14.8,2021,-0.0203388123872695
EMMA BRIDGEWATER LIMITED,81.6,47.7,19.9,14,2021,0.0682057844849233
EQ INVESTORS GROUP LIMITED,151.1,127.4,5.2,18.5,2020,5.3812
FARMDROP LIMITED,97.9,40.4,42.4,15.1,2020,0.331008369894154
FREUD COMMUNICATIONS LIMITED,80,54,10.2,15.8,2019,0.0375698491308691
GENERATION INVESTMENT MANAGEMENT LLP,107.5,79,12.6,15.9,2017,0.105410889460338
GENUINE SOLUTIONS LIMITED,89.3,46.3,27.1,15.9,2020,-0.2363
GROUND CONTROL LIMITED,80,52.9,17.5,9.6,2020,0.135072339857931
GUARDIAN MEDIA GROUP PLC,86.2,68.1,7.6,10.5,2019,-0.334
HELIOS INVESTMENT PARTNERS LLP,97.9,71,11.9,15,2019,0.106140302753628
HIGGIDY LIMITED,80.4,54.1,12.9,13.4,2020,0.133430479964826
INVESTINDUSTRIAL SERVICES LIMITED,116.2,79.1,15.5,21.6,2019,0.657899772327542
JOJO MAMAN BEBE LTD,81.1,49.1,17.9,14.1,2018,0.0495324983759844
KIN AND CARTA UK LIMITED,90,57,12.2,20.8,2020,0.741177442850828
MACPHIE LIMITED,93.7,48.8,28,16.9,2020,0.0268452981824967
MAPP (PROPERTY MANAGEMENT) LIMITED,86.6,58.2,11.8,16.6,2020,0.432338018169804
MATRIX APA (UK) LTD,84,53.4,12.5,18.1,2019,0.217116952415009
MONTANARO ASSET MANAGEMENT LIMITED,81.8,66.3,5.3,10.2,2018,0.0337
MPM PRODUCTS LIMITED,81.8,47.7,17.5,16.6,2019,0.339588584005461
OWEN MUMFORD HOLDINGS LIMITED,82.8,78.8,17.6,13.6,2020,0.0707818070474202
PUKKA HERBS LIMITED,104.1,49.4,39.4,15.3,2018,0.267572731288731
RIVERFORD ORGANIC FARMERS LIMITED,124.6,86.2,24.3,14.1,2019,0.117855130278477
SEETEC BUSINESS TECHNOLOGY CENTRE LIMITED,131,105.1,8.1,17.8,2018,0.0336902032618804
SIPSMITH LIMITED,83.2,48.7,23,11.5,2020,-0.9882
STRIDE TREGLOWN LIMITED,101.5,56.5,33.8,11.2,2020,0.0753861624078518
THE BODY SHOP INTERNATIONAL LIMITED,82.6,49.9,17,15.7,2019,-0.059
THE CRAFTORY LIMITED,89.5,65.6,4.5,19.4,2019,0.9161
TOTAL MEDIA GROUP LIMITED,80.2,55,8.1,17.1,2020,0.0629600053788197
USTWO LONDON LTD,81.7,56.4,8.5,16.8,2019,0.944158348877052
VIVOBAREFOOT LIMITED,98.8,62.8,17.6,18.4,2019,2.4786
WHOLEBAKE LIMITED,82,58.9,8.7,14.4,2019,-0.773852445549201
WORLD OF BOOKS GROUP LTD,84.8,41.1,29.1,14.6,2018,0.292963036144087
YOTI LTD,81,59,6.4,15.6,2017,0.297230487615924
ZEN INTERNET LIMITED,84.9,52.8,13.2,18.9,2019,0.165541646269286
