Company name,EBITDA_VOLATILITY,ENVIRON_DISCLOSURE_SCORE,SOCIAL_DISCLOSURE_SCORE,GOVNCE_DISCLOSURE_SCORE,ESG_DISCLOSURE_SCORE
ABEL & COLE LIMITED,0.011632031992909476,36.1,52.8,14.6,103.5
ADAM SMITH INTERNATIONAL LTD,0.012696025041526119,3.4,125.4,14.1,142.9
ALL MARKET EUROPE LIMITED,0.005285151570088453,16.3,50.6,14.7,81.6
BATES WELLS & BRAITHWAITE LONDON LLP,0.0019380452041059346,15.5,78.9,22.1,116.5
BENNETTS ASSOCIATES LIMITED,0.0007703244377527023,34.4,77.0,10.1,121.5
BIGHAMS LIMITED,0.006723797424377736,20.6,47.0,15.6,83.2
BLUE ZOO PRODUCTIONS LIMITED,0.002504520809511975,9.9,60.1,15.0,85.0
BREWDOG PLC,0.012692884092169083,20.7,46.1,15.0,81.8
BRIDGES FUND MANAGEMENT LIMITED,0.0057139710948484815,13.9,110.6,20.9,145.4
BRUICHLADDICH DISTILLERY COMPANY LIMITED,0.003755720495748979,28.5,47.0,7.7,83.2
COOK TRADING LIMITED,0.002300181792748007,25.2,61.3,17.6,104.1
DIVINE CHOCOLATE LIMITED,0.0015638334361878345,15.9,97.0,14.2,127.1
EDIT AGENCY LIMITED,0.008239256548514807,9.7,55.9,14.8,80.4
EMMA BRIDGEWATER LIMITED,0.0013306064321450132,19.9,47.7,14.0,81.6
EQ INVESTORS GROUP LIMITED,0.0016774233985786017,5.2,127.4,18.5,151.1
FARMDROP LIMITED,0.008294979180940933,42.4,40.4,15.1,97.9
FREUD COMMUNICATIONS LIMITED,0.003654013242089644,10.2,54.0,15.8,80.0
GENERATION INVESTMENT MANAGEMENT LLP,0.1363317863606585,12.6,79.0,15.9,107.5
GENUINE SOLUTIONS LIMITED,0.0019603831551236184,27.1,46.3,15.9,89.3
GROUND CONTROL LIMITED,0.0034271523338768738,17.5,52.9,9.6,80.0
GUARDIAN MEDIA GROUP PLC,0.0,7.6,68.1,10.5,86.2
HELIOS INVESTMENT PARTNERS LLP,0.002143185128580228,11.9,71.0,15.0,97.9
HIGGIDY LIMITED,0.0018172771861819643,12.9,54.1,13.4,80.4
INVESTINDUSTRIAL SERVICES LIMITED,0.0035944915797868795,15.5,79.1,21.6,116.2
JOJO MAMAN BEBE LTD,0.006095419533812394,17.9,49.1,14.1,81.1
KIN AND CARTA UK LIMITED,0.02374406995030483,12.2,57.0,20.8,90.0
MACPHIE LIMITED,0.004715276100660038,28.0,48.8,16.9,93.7
MAPP (PROPERTY MANAGEMENT) LIMITED,0.0014632035742455096,11.8,58.2,16.6,86.6
MATRIX APA (UK) LTD,0.004690622922678001,12.5,53.4,18.1,84.0
MONTANARO ASSET MANAGEMENT LIMITED,0.03216567689952988,5.3,66.3,10.2,81.8
MPM PRODUCTS LIMITED,0.006325259569566727,17.5,47.7,16.6,81.8
OWEN MUMFORD HOLDINGS LIMITED,0.010619978419958362,17.6,78.8,13.6,82.8
PUKKA HERBS LIMITED,0.005805315618098304,39.4,49.4,15.3,104.1
RIVERFORD ORGANIC FARMERS LIMITED,0.011553018932774333,24.3,86.2,14.1,124.6
SEETEC BUSINESS TECHNOLOGY CENTRE LIMITED,0.012674848662222361,8.1,105.1,17.8,131.0
SIPSMITH LIMITED,0.006544434048818098,23.0,48.7,11.5,83.2
STRIDE TREGLOWN LIMITED,0.0008002447162909821,33.8,56.5,11.2,101.5
THE BODY SHOP INTERNATIONAL LIMITED,0.12352885264982037,17.0,49.9,15.7,82.6
THE CRAFTORY LIMITED,0.290021765005628,4.5,65.6,19.4,89.5
TOTAL MEDIA GROUP LIMITED,0.0011374913903849759,8.1,55.0,17.1,80.2
USTWO LONDON LTD,0.004068714286662166,8.5,56.4,16.8,81.7
VIVOBAREFOOT LIMITED,0.003115062307643608,17.6,62.8,18.4,98.8
WHOLEBAKE LIMITED,0.0020404447833941644,8.7,58.9,14.4,82.0
WORLD OF BOOKS GROUP LTD,0.003296483861610041,29.1,41.1,14.6,84.8
YOTI LTD,0.013486297354336391,6.4,59.0,15.6,81.0
ZEN INTERNET LIMITED,0.017413207868192955,13.2,52.8,18.9,84.9
